REPLACE INTO vaccine_cvx (cvx_code, cvx_label) VALUES
('01', 'DTP'),
('02', 'OPV'),
('03', 'MMR'),
('04', 'M/R'),
('05', 'measles'),
('06', 'rubella'),
('07', 'mumps'),
('08', 'Hep B, adolescent or pediatric'),
('09', 'Td (adult)'),
('10', 'IPV'),
('100', 'pneumococcal conjugate PCV 7'),
('101', 'typhoid, ViCPs'),
('102', 'DTP-Hib-Hep B'),
('103', 'meningococcal C conjugate'),
('104', 'Hep A-Hep B'),
('105', 'vaccinia (smallpox) diluted'),
('106', 'DTaP, 5 pertussis antigens'),
('107', 'DTaP, NOS'),
('108', 'meningococcal, NOS'),
('109', 'pneumococcal, NOS'),
('11', 'pertussis'),
('110', 'DTaP-Hep B-IPV'),
('111', 'influenza, live, intranasal'),
('112', 'tetanus toxoid, NOS'),
('113', 'Td (adult) preservative free'),
('114', 'meningococcal MCV4P'),
('115', 'Tdap'),
('116', 'rotavirus, pentavalent'),
('117', 'VZIG (IND)'),
('118', 'HPV, bivalent'),
('119', 'rotavirus, monovalent'),
('12', 'diphtheria antitoxin'),
('120', 'DTaP-Hib-IPV'),
('121', 'zoster'),
('122', 'rotavirus, NOS'),
('123', 'influenza, H5N1-1203'),
('13', 'TIG'),
('130', 'DTaP-IPV'),
('131', 'typhus, historical'),
('132', 'DTaP-IPV-HIB-HEP B, historical'),
('133', 'Pneumococcal conjugate PCV 13'),
('134', 'Japanese Encephalitis IM'),
('135', 'Influenza, high dose seasonal'),
('136', 'Meningococcal MCV4O'),
('137', 'HPV'),
('14', 'IG, NOS'),
('15', 'influenza, split (incl. purified surface antigen)'),
('16', 'influenza, whole'),
('17', 'Hib, NOS'),
('18', 'rabies, intramuscular injection'),
('19', 'BCG'),
('20', 'DTaP'),
('21', 'varicella'),
('22', 'DTP-Hib'),
('23', 'plague'),
('24', 'anthrax'),
('25', 'typhoid, oral'),
('26', 'cholera'),
('27', 'botulinum antitoxin'),
('28', 'DT (pediatric)'),
('29', 'CMVIG'),
('30', 'HBIG'),
('31', 'Hep A, pediatric, NOS'),
('32', 'meningococcal MPSV4'),
('33', 'pneumococcal polysaccharide PPV23'),
('34', 'RIG'),
('35', 'tetanus toxoid'),
('36', 'VZIG'),
('37', 'yellow fever'),
('38', 'rubella/mumps'),
('39', 'Japanese encephalitis SC'),
('40', 'rabies, intradermal injection'),
('41', 'typhoid, parenteral'),
('42', 'Hep B, adolescent/high risk infant'),
('43', 'Hep B, adult'),
('44', 'Hep B, dialysis'),
('45', 'Hep B, NOS'),
('46', 'Hib (PRP-D)'),
('47', 'Hib (HbOC)'),
('48', 'Hib (PRP-T)'),
('49', 'Hib (PRP-OMP)'),
('50', 'DTaP-Hib'),
('51', 'Hib-Hep B'),
('52', 'Hep A, adult'),
('53', 'typhoid, parenteral, AKD (U.S. military)'),
('54', 'adenovirus, type'),
('55', 'adenovirus, type'),
('56', 'dengue fever'),
('57', 'hantavirus'),
('58', 'Hep C'),
('59', 'Hep E'),
('60', 'herpes simplex 2'),
('61', 'HIV'),
('62', 'HPV, quadrivalent'),
('63', 'Junin virus'),
('64', 'leishmaniasis'),
('65', 'leprosy'),
('66', 'Lyme disease'),
('67', 'malaria'),
('68', 'melanoma'),
('69', 'parainfluenza-3'),
('70', 'Q fever'),
('71', 'RSV-IGIV'),
('72', 'rheumatic fever'),
('73', 'Rift Valley fever'),
('74', 'rotavirus, tetravalent'),
('75', 'vaccinia (smallpox)'),
('76', 'Staphylococcus bacterio lysate'),
('77', 'tick-borne encephalitis'),
('78', 'tularemia vaccine'),
('79', 'vaccinia immune globulin'),
('80', 'VEE, live'),
('81', 'VEE, inactivated'),
('82', 'adenovirus, NOS'),
('83', 'Hep A, ped/adol, 2 dose'),
('84', 'Hep A, ped/adol, 3 dose'),
('85', 'Hep A, NOS'),
('86', 'IG'),
('87', 'IGIV'),
('88', 'influenza, NOS'),
('89', 'polio, NOS'),
('90', 'rabies, NOS'),
('91', 'typhoid, NOS'),
('92', 'VEE, NOS'),
('93', 'RSV-MAb'),
('94', 'MMRV'),
('95', 'TST-OT tine test'),
('96', 'TST-PPD intradermal'),
('97', 'TST-PPD tine test'),
('98', 'TST, NOS'),
('99', 'RESERVED - do not use'),
('998', 'no vaccine administered'),
('999', 'unknown');

UPDATE vaccine_cvx SET vaccine_id = 123 WHERE cvx_code = '115';
UPDATE vaccine_cvx SET vaccine_id = 208 WHERE cvx_code = '116';
UPDATE vaccine_cvx SET vaccine_id = 206 WHERE cvx_code = '119';
UPDATE vaccine_cvx SET vaccine_id = 115 WHERE cvx_code = '120';
UPDATE vaccine_cvx SET vaccine_id = 1000 WHERE cvx_code = '54';
UPDATE vaccine_cvx SET vaccine_id = 1010 WHERE cvx_code = '55';
UPDATE vaccine_cvx SET vaccine_id = 1020 WHERE cvx_code = '82';
UPDATE vaccine_cvx SET vaccine_id = 1030 WHERE cvx_code = '24';
UPDATE vaccine_cvx SET vaccine_id = 211 WHERE cvx_code = '19';
UPDATE vaccine_cvx SET vaccine_id = 1050 WHERE cvx_code = '27';
UPDATE vaccine_cvx SET vaccine_id = 1060 WHERE cvx_code = '26';
UPDATE vaccine_cvx SET vaccine_id = 1070 WHERE cvx_code = '29';
UPDATE vaccine_cvx SET vaccine_id = 1080 WHERE cvx_code = '56';
UPDATE vaccine_cvx SET vaccine_id = 1090 WHERE cvx_code = '12';
UPDATE vaccine_cvx SET vaccine_id = 112 WHERE cvx_code = '28';
UPDATE vaccine_cvx SET vaccine_id = 110 WHERE cvx_code = '20';
UPDATE vaccine_cvx SET vaccine_id = 113 WHERE cvx_code = '50';
UPDATE vaccine_cvx SET vaccine_id = 111 WHERE cvx_code = '01';
UPDATE vaccine_cvx SET vaccine_id = 121 WHERE cvx_code = '22';
UPDATE vaccine_cvx SET vaccine_id = 1150 WHERE cvx_code = '102';
UPDATE vaccine_cvx SET vaccine_id = 1160 WHERE cvx_code = '57';
UPDATE vaccine_cvx SET vaccine_id = 1170 WHERE cvx_code = '52';
UPDATE vaccine_cvx SET vaccine_id = 1180 WHERE cvx_code = '83';
UPDATE vaccine_cvx SET vaccine_id = 1190 WHERE cvx_code = '84';
UPDATE vaccine_cvx SET vaccine_id = 1200 WHERE cvx_code = '31';
UPDATE vaccine_cvx SET vaccine_id = 145 WHERE cvx_code = '85';
UPDATE vaccine_cvx SET vaccine_id = 146 WHERE cvx_code = '104';
UPDATE vaccine_cvx SET vaccine_id = 1230 WHERE cvx_code = '30';
UPDATE vaccine_cvx SET vaccine_id = 1240 WHERE cvx_code = '08';
UPDATE vaccine_cvx SET vaccine_id = 1250 WHERE cvx_code = '42';
UPDATE vaccine_cvx SET vaccine_id = 1260 WHERE cvx_code = '43';
UPDATE vaccine_cvx SET vaccine_id = 1270 WHERE cvx_code = '44';
UPDATE vaccine_cvx SET vaccine_id = 137 WHERE cvx_code = '45';
UPDATE vaccine_cvx SET vaccine_id = 1290 WHERE cvx_code = '58';
UPDATE vaccine_cvx SET vaccine_id = 1300 WHERE cvx_code = '59';
UPDATE vaccine_cvx SET vaccine_id = 1310 WHERE cvx_code = '60';
UPDATE vaccine_cvx SET vaccine_id = 1320 WHERE cvx_code = '46';
UPDATE vaccine_cvx SET vaccine_id = 1330 WHERE cvx_code = '47';
UPDATE vaccine_cvx SET vaccine_id = 1340 WHERE cvx_code = '48';
UPDATE vaccine_cvx SET vaccine_id = 1350 WHERE cvx_code = '49';
UPDATE vaccine_cvx SET vaccine_id = 128 WHERE cvx_code = '17';
UPDATE vaccine_cvx SET vaccine_id = 136 WHERE cvx_code = '51';
UPDATE vaccine_cvx SET vaccine_id = 1380 WHERE cvx_code = '61';
UPDATE vaccine_cvx SET vaccine_id = 1390 WHERE cvx_code = '62';
UPDATE vaccine_cvx SET vaccine_id = 1400 WHERE cvx_code = '86';
UPDATE vaccine_cvx SET vaccine_id = 1410 WHERE cvx_code = '87';
UPDATE vaccine_cvx SET vaccine_id = 1420 WHERE cvx_code = '14';
UPDATE vaccine_cvx SET vaccine_id = 181 WHERE cvx_code = '15';
UPDATE vaccine_cvx SET vaccine_id = 1440 WHERE cvx_code = '16';
UPDATE vaccine_cvx SET vaccine_id = 179 WHERE cvx_code = '88';
UPDATE vaccine_cvx SET vaccine_id = 147 WHERE cvx_code = '10';
UPDATE vaccine_cvx SET vaccine_id = 148 WHERE cvx_code = '02';
UPDATE vaccine_cvx SET vaccine_id = 153 WHERE cvx_code = '89';
UPDATE vaccine_cvx SET vaccine_id = 1490 WHERE cvx_code = '39';
UPDATE vaccine_cvx SET vaccine_id = 1500 WHERE cvx_code = '63';
UPDATE vaccine_cvx SET vaccine_id = 1510 WHERE cvx_code = '64';
UPDATE vaccine_cvx SET vaccine_id = 1520 WHERE cvx_code = '65';
UPDATE vaccine_cvx SET vaccine_id = 209 WHERE cvx_code = '66';
UPDATE vaccine_cvx SET vaccine_id = 158 WHERE cvx_code = '03';
UPDATE vaccine_cvx SET vaccine_id = 160 WHERE cvx_code = '04';
UPDATE vaccine_cvx SET vaccine_id = 1560 WHERE cvx_code = '94';
UPDATE vaccine_cvx SET vaccine_id = 1570 WHERE cvx_code = '67';
UPDATE vaccine_cvx SET vaccine_id = 161 WHERE cvx_code = '05';
UPDATE vaccine_cvx SET vaccine_id = 1590 WHERE cvx_code = '68';
UPDATE vaccine_cvx SET vaccine_id = 182 WHERE cvx_code = '32';
UPDATE vaccine_cvx SET vaccine_id = 197 WHERE cvx_code = '103';
UPDATE vaccine_cvx SET vaccine_id = 162 WHERE cvx_code = '07';
UPDATE vaccine_cvx SET vaccine_id = 1630 WHERE cvx_code = '69';
UPDATE vaccine_cvx SET vaccine_id = 1640 WHERE cvx_code = '11';
UPDATE vaccine_cvx SET vaccine_id = 1650 WHERE cvx_code = '23';
UPDATE vaccine_cvx SET vaccine_id = 155 WHERE cvx_code = '33';
UPDATE vaccine_cvx SET vaccine_id = 154 WHERE cvx_code = '100';
UPDATE vaccine_cvx SET vaccine_id = 1680 WHERE cvx_code = '70';
UPDATE vaccine_cvx SET vaccine_id = 1690 WHERE cvx_code = '18';
UPDATE vaccine_cvx SET vaccine_id = 1700 WHERE cvx_code = '40';
UPDATE vaccine_cvx SET vaccine_id = 210 WHERE cvx_code = '90';
UPDATE vaccine_cvx SET vaccine_id = 1720 WHERE cvx_code = '72';
UPDATE vaccine_cvx SET vaccine_id = 1730 WHERE cvx_code = '73';
UPDATE vaccine_cvx SET vaccine_id = 1740 WHERE cvx_code = '34';
UPDATE vaccine_cvx SET vaccine_id = 208 WHERE cvx_code = '74';
UPDATE vaccine_cvx SET vaccine_id = 1760 WHERE cvx_code = '71';
UPDATE vaccine_cvx SET vaccine_id = 1770 WHERE cvx_code = '93';
UPDATE vaccine_cvx SET vaccine_id = 171 WHERE cvx_code = '06';
UPDATE vaccine_cvx SET vaccine_id = 175 WHERE cvx_code = '38';
UPDATE vaccine_cvx SET vaccine_id = 1800 WHERE cvx_code = '75';
UPDATE vaccine_cvx SET vaccine_id = 1810 WHERE cvx_code = '76';
UPDATE vaccine_cvx SET vaccine_id = 122 WHERE cvx_code = '09';
UPDATE vaccine_cvx SET vaccine_id = 1830 WHERE cvx_code = '35';
UPDATE vaccine_cvx SET vaccine_id = 1840 WHERE cvx_code = '77';
UPDATE vaccine_cvx SET vaccine_id = 1850 WHERE cvx_code = '13';
UPDATE vaccine_cvx SET vaccine_id = 1860 WHERE cvx_code = '95';
UPDATE vaccine_cvx SET vaccine_id = 1870 WHERE cvx_code = '96';
UPDATE vaccine_cvx SET vaccine_id = 1880 WHERE cvx_code = '97';
UPDATE vaccine_cvx SET vaccine_id = 1890 WHERE cvx_code = '98';
UPDATE vaccine_cvx SET vaccine_id = 1900 WHERE cvx_code = '78';
UPDATE vaccine_cvx SET vaccine_id = 1910 WHERE cvx_code = '25';
UPDATE vaccine_cvx SET vaccine_id = 1920 WHERE cvx_code = '41';
UPDATE vaccine_cvx SET vaccine_id = 1930 WHERE cvx_code = '53';
UPDATE vaccine_cvx SET vaccine_id = 1940 WHERE cvx_code = '101';
UPDATE vaccine_cvx SET vaccine_id = 1950 WHERE cvx_code = '91';
UPDATE vaccine_cvx SET vaccine_id = 1960 WHERE cvx_code = '79';
UPDATE vaccine_cvx SET vaccine_id = 178 WHERE cvx_code = '21';
UPDATE vaccine_cvx SET vaccine_id = 1980 WHERE cvx_code = '81';
UPDATE vaccine_cvx SET vaccine_id = 1990 WHERE cvx_code = '80';
UPDATE vaccine_cvx SET vaccine_id = 2000 WHERE cvx_code = '92';
UPDATE vaccine_cvx SET vaccine_id = 2010 WHERE cvx_code = '36';
UPDATE vaccine_cvx SET vaccine_id = 2020 WHERE cvx_code = '37';
UPDATE vaccine_cvx SET vaccine_id = 999 WHERE cvx_code = '999';
UPDATE vaccine_cvx SET vaccine_id = 180 WHERE cvx_code = '111';
UPDATE vaccine_cvx SET vaccine_id = 114 WHERE cvx_code = '110';


REPLACE INTO vaccine_tch (vaccine_id, vaccine_label, cvx_code)
VALUES 
(2040, 'BCG', ''),
(2050, 'influenza, split (incl. purified surface antigen)', ''),
(2060, 'DTP', ''),
(2070, 'DTP', ''),
(114, 'DTaP-HepB-IPV', '110'),
(2090, 'HepB', ''),
(2100, 'HepB', ''),
(991, 'Other', ''),
(180, 'Influenza(LAIV)', '111'),
(181, 'Influenza(TIV)', '15'),
(1920, 'typhoid, parenteral', '41'),
(1930, 'typhoid, parenteral, AKD(U.S. military)', '53'),
(1940, 'typhoid, ViCPs', '101'),
(1950, 'typhoid, NOS', '91'),
(1960, 'vaccinia immune globulin', '79'),
(178, 'Varicella', '21'),
(1980, 'VEE, inactivated', '81'),
(1990, 'VEE, live', '80'),
(1000, 'adenovirus, type 4', '54'),
(1010, 'adenovirus, type 7', '55'),
(1020, 'adenovirus, NOS', '82'),
(1030, 'anthrax', '24'),
(211, 'BCG', '19'),
(1050, 'botulinum antitoxin', '27'),
(1060, 'cholera', '26'),
(1070, 'CMVIG', '29'),
(1080, 'dengue fever', '56'),
(1090, 'diphtheria antitoxin', '12'),
(112, 'DT', '28'),
(110, 'DTaP', '20'),
(113, 'DTaP-Hib', '50'),
(111, 'DTP', '01'),
(121, 'DTP-Hib', '22'),
(1150, 'DTP-Hib-Hep B', '102'),
(1160, 'hantavirus', '57'),
(1170, 'Hep A, adult', '52'),
(1180, 'Hep A, ped/adol, 2 dose', '83'),
(1190, 'Hep A, ped/adol, 3 dose', '84'),
(1200, 'Hep A, pediatric, NOS', '31'),
(145, 'Hep A', '85'),
(146, 'Hep A-Hep B', '104'),
(1230, 'HBIG', '30'),
(1240, 'Hep B, adolescent or pediatric', '08'),
(1250, 'Hep B, adolescent/high risk infant', '42'),
(1260, 'Hep B, adult', '43'),
(1270, 'Hep B, dialysis', '44'),
(137, 'Hep B', '45'),
(1290, 'Hep C', '58'),
(1300, 'Hep E', '59'),
(1310, 'herpes simplex 2', '60'),
(1320, 'Hib (PRP-D)', '46'),
(1330, 'Hib (HbOC)', '47'),
(1340, 'Hib (PRP-T)', '48'),
(1350, 'Hib (PRP-OMP)', '49'),
(128, 'Hib', '17'),
(136, 'Hib-Hep B', '51'),
(1380, 'HIV', '61'),
(1390, 'HPV', '62'),
(1400, 'IG', '86'),
(1410, 'IGIV', '87'),
(1420, 'IG, NOS', '14'),
(1430, 'influenza, split (incl. purified surface antigen)', ''),
(1440, 'influenza, whole', '16'),
(179, 'Influenza', '88'),
(147, 'IPV', '10'),
(148, 'OPV', '02'),
(153, 'Polio', '89'),
(1490, 'Japanese encephalitis', '39'),
(1500, 'Junin virus', '63'),
(1510, 'leishmaniasis', '64'),
(1520, 'leprosy', '65'),
(209, 'Lyme disease', '66'),
(158, 'MMR', '03'),
(160, 'M/R', '04'),
(1560, 'MMRV', '94'),
(1570, 'malaria', '67'),
(161, 'Measles', '05'),
(1590, 'melanoma', '68'),
(182, 'Meningococcal', '32'),
(197, 'Meningococcal C conjugate', '103'),
(162, 'Mumps', '07'),
(1630, 'parainfluenza-3', '69'),
(1640, 'pertussis', '11'),
(1650, 'plague', '23'),
(155, 'PPV23', '33'),
(154, 'PCV7', '100'),
(1680, 'Q fever', '70'),
(1690, 'rabies, intramuscular injection', '18'),
(1700, 'rabies, intradermal injection', '40'),
(210, 'Rabies', '90'),
(1720, 'rheumatic fever', '72'),
(1730, 'Rift Valley fever', '73'),
(1740, 'RIG', '34'),
(208, 'Rotavirus', '74'),
(1760, 'RSV-IGIV', '71'),
(1770, 'RSV-MAb', '93'),
(171, 'Rubella', '06'),
(175, 'Rubella/Mumps', '38'),
(1800, 'smallpox', '75'),
(1810, 'Staphylococcus bacterio lysate', '76'),
(122, 'Td', '09'),
(1830, 'tetanus toxoid', '35'),
(1840, 'tick-borne encephalitis', '77'),
(1850, 'TIG', '13'),
(1860, 'TST-OT tine test', '95'),
(1870, 'TST-PPD intradermal', '96'),
(1880, 'TST-PPD tine test', '97'),
(1890, 'TST, NOS', '98'),
(1900, 'tularemia vaccine', '78'),
(1910, 'typhoid, oral', '25'),
(2000, 'VEE, NOS', '92'),
(2010, 'VZIG', '36'),
(2020, 'yellow fever', '37'),
(999, 'unknown', '999'),
(2030, 'RhIGIV', ''),
(3178, 'varicella history', ''),
(378, 'Varicella History', ''),
(115, 'DTaP-Hib-IPV', '120'),
(123, 'Tdap', '115'),
(156, 'Pneumococcal,NOS', '109'),
(159, 'MMRV', '94'),
(183, 'Meningococcal conjugate(MCV4)', '114'),
(184, 'Meningococcal,NOS', '108'),
(185, 'Influenza virus vaccine, H5N1', '123'),
(206, 'Rotavirus, monovalent rotavirus', '119'),
(207, 'Rotavirus,pentavalent,live(current)', '116'),
(390, 'HPV', '62'),
(391, 'HPV,bivalent human papilloma', '118'),
(9999, 'Unknown', '999');



REPLACE INTO expected_result (case_id, entity_id, line_code, dose_number, valid_date, due_date, overdue_date) VALUES
(2, 1, 'HepB', '2', '2006-04-29', '2006-06-01', '2006-06-01'),
(3, 1, 'HepB', '3', '2006-07-19', '2006-08-01', '2006-08-01'),

(5, 1, 'HepB', 'COMP', '1899-12-30', '1899-12-30', '1899-12-30'),


(8, 1, 'HepB', '3', '2006-03-18', '2006-03-18', '2006-12-01'),


(11, 1, 'HepB', '2', '2005-09-21', '2005-10-01', '2005-10-01'),

(13, 1, 'HepB', '2', '2006-11-28', '2006-12-08', '2006-11-28'),
(14, 1, 'HepB', 'COMP', '1899-12-30', '1899-12-30', '1899-12-30'),

(16, 1, 'HepB', '3', '2006-04-15', '2006-04-15', '2006-04-15'),

(18, 1, 'HepB', '3', '2006-08-07', '2006-08-07', '2007-07-01'),


(21, 1, 'HepB', 'Comp', '1899-12-30', '1899-12-30', '1899-12-30'),


(24, 1, 'HepB', '3', '2005-06-18', '2005-07-01', '2006-07-01'),


(27, 1, 'HepB', '3', '2003-08-26', '2003-08-26', '2003-11-01'),

(29, 1, 'HepB', '3', '2006-03-18', '2006-03-18', '2006-03-18'),


(32, 1, 'HepB', '3', '2003-01-10', '2003-01-10', '2003-11-15'),


(35, 1, 'HepB', '3', '2005-03-13', '2005-03-13', '2006-01-01'),


(38, 1, 'HepB', 'COMP', '1899-12-30', '1899-12-30', '1899-12-30'),


(41, 1, 'Var', '2', '2005-10-01', '2008-07-01', '2009-07-01'),
(42, 1, 'Var', '1', '2004-12-03', '2004-12-03', '2005-02-10'),
(43, 1, 'Var', '2', '2006-06-24', '2009-03-17', '2010-03-17'),
(44, 1, 'Var', '2', '2006-06-24', '2009-03-17', '2010-03-17'),
(44, 1, 'MMR', '1', '2006-05-26', '2006-05-26', '2006-06-17'),
(46, 1, 'Var', '2', '2005-04-12', '2005-04-12', '2005-04-12'),
(47, 1, 'Var', '1', '1993-01-01', '1993-01-01', '1994-04-01'),

(48, 1, 'Var', 'COMP', '1899-12-30', '1899-12-30', '1899-12-30'),
(50, 1, 'Var', '2', '2005-05-07', '2050-05-07', '2005-05-07'),

(52, 1, 'MMR', '2', '2005-09-05', '2008-08-08', '2009-08-08'),
(52, 1, 'Var', '2', '2005-11-08', '2008-08-08', '2009-08-08'),
(54, 1, 'Var', '2', '2004-03-02', '2006-11-11', '2007-11-11'),

(56, 1, 'Var', '1', '2006-08-27', '2006-08-27', '2006-10-07'),

(58, 1, 'Var', 'COMP', '1899-12-30', '1899-12-30', '1899-12-30'),
(59, 1, 'Var', 'COMP', '1899-12-30', '1899-12-30', '1899-12-30'),
(60, 1, 'Var', '1', '2005-03-18', '2005-03-18', '2005-06-18'),

(62, 1, 'Hib', '1', '2004-03-06', '2004-03-06', '2004-03-06'),


(64, 1, 'Hib', '3', '2005-02-04', '2005-02-04', '2005-02-04'),

(67, 1, 'Hib', 'COMP', '1899-12-30', '1899-12-30', '1899-12-30'),
(67, 1, 'HepB', 'COMP', '1899-12-30', '1899-12-30', '1899-12-30'),

(70, 1, 'Hib', '3', '2005-07-05', '2005-07-10', '2005-08-15'),
(70, 1, 'HepB', 'COMP', '1899-12-30', '1899-12-30', '1899-12-30'),

(73, 1, 'Hib', '3', '2006-01-01', '2006-01-01', '2006-04-01'),
(73, 1, 'HepB', '3', '2005-06-18', '2005-07-01', '2006-07-01'),

(76, 1, 'Hib', '2', '2005-01-30', '2005-02-10', '2005-02-10'),
(76, 1, 'HepB', '2', '2005-01-30', '2005-01-30', '2005-01-30'),
(78, 1, 'Hib', '2', '2006-07-27', '2006-07-27', '2006-09-01'),
(79, 1, 'Hib', 'COMP', '1899-12-30', '1899-12-30', '1899-12-30'),

(81, 1, 'Hib', '2', '2006-04-08', '2006-04-08', '2006-04-11'),

(83, 1, 'Hib', 'COMP', '1899-12-30', '1899-12-30', '1899-12-30'),
(84, 1, 'Hib', '1', '2004-03-06', '2004-03-06', '2004-03-06'),
(85, 1, 'Hib', '3', '2005-02-04', '2005-02-04', '2005-05-04'),

(87, 1, 'Hib', 'COMP', '1899-12-30', '1899-12-30', '1899-12-30'),


(90, 1, 'Hib', '3', '2005-07-05', '2005-07-05', '2005-08-15'),


(93, 1, 'Hib', '2', '2005-01-30', '2005-02-10', '2005-02-10'),

(95, 1, 'Hib', '2', '2006-07-27', '2006-08-01', '2006-09-01'),
(96, 1, 'Hib', 'COMP', '1899-12-30', '1899-12-30', '1899-12-30'),

(98, 1, 'Hib', '2', '2006-04-08', '2006-04-08', '2006-04-11'),

(100, 1, 'Hib', 'COMP', '1899-12-30', '1899-12-30', '1899-12-30'),
(101, 1, 'Hib', 'COMP', '1899-12-30', '1899-12-30', '1899-12-30'),
(102, 1, 'Hib', 'COMP', '1899-12-30', '1899-12-30', '1899-12-30'),
(103, 1, 'Hib', '2', '2006-06-10', '2006-08-01', '2006-08-01'),
(104, 1, 'Hib', '3', '2006-05-23', '2006-08-01', '2006-08-01'),

(106, 1, 'Hib', '4', '2006-12-01', '2006-12-01', '2007-03-01'),


(109, 1, 'Hib', '4', '2006-09-22', '2006-09-22', '2006-11-01'),


(112, 1, 'Hib', 'COMP', '1899-12-30', '1899-12-30', '1899-12-30'),



(116, 1, 'Hib', '2', '2006-07-08', '2006-07-08', '2006-07-08'),
(117, 1, 'Hib', '3', '2006-09-10', '2006-09-10', '2010-12-06'),

(119, 1, 'Hib', '3', '2006-07-27', '2006-07-27', '2006-09-01'),

(121, 1, 'Hib', '2', '2006-07-27', '2006-07-27', '2006-09-01'),
(122, 1, 'Hib', '2', '2006-07-27', '2006-07-27', '2006-09-01'),
(123, 1, 'Hib', 'COMP', '1899-12-30', '1899-12-30', '1899-12-30'),

(125, 1, 'Hib', '1', '2006-07-05', '2006-07-05', '2006-07-05'),
(126, 1, 'Hib', '2', '2006-06-24', '2006-07-04', '2006-07-04'),

(128, 1, 'Hib', '2', '2006-05-30', '2006-06-26', '2006-06-26'),

(130, 1, 'Hib', '3', '2006-05-07', '2006-07-06', '2006-07-06'),


(133, 1, 'Hib', '3', '2006-05-10', '2006-07-06', '2006-07-06'),


(136, 1, 'Hib', '4', '2006-05-25', '2006-05-25', '2006-07-04'),



(140, 1, 'Hib', '2', '2006-05-27', '2006-05-27', '2006-05-27'),

(142, 1, 'Hib', '4', '2006-06-12', '2006-06-12', '2006-07-07'),



(146, 1, 'Hib', '4', '2006-03-12', '2002-03-15', '2006-04-12'),


(149, 1, 'Hib', '3', '2008-05-17', '2008-05-17', '2008-08-17'),

(151, 1, 'Hib', '3', '2006-08-30', '2006-10-27', '2006-10-27'),

(153, 1, 'Hib', 'COMP', '1899-12-30', '1899-12-30', '1899-12-30');

REPLACE INTO expected_result (case_id, entity_id, line_code, dose_number, valid_date, due_date, overdue_date) VALUES
(2, 2, 'HepB', '2', '2006-04-29', '2006-06-01', '2006-06-01'),
(3, 2, 'HepB', '3', '2006-07-19', '2006-08-01', '2006-08-01'),

(5, 2, 'HepB', 'COMP', '1899-12-30', '1899-12-30', '1899-12-30'),


(8, 2, 'HepB', '2', '2005-09-21', '2005-10-01', '2005-10-01'),

(10, 2, 'HepB', '3', '2006-03-18', '2006-03-18', '2006-12-01'),


(13, 2, 'HepB', '3', '2006-08-07', '2006-08-07', '2007-07-01'),


(16, 2, 'HepB', '3', '2005-03-13', '2005-03-13', '2006-01-01'),


(19, 2, 'HepB', '2', '2006-11-28', '2006-12-08', '2006-11-28'),
(20, 2, 'HepB', 'COMP', '1899-12-30', '1899-12-30', '1899-12-30'),

(22, 2, 'HepB', '3', '2003-08-26', '2003-08-26', '2003-11-01'),

(24, 2, 'HepB', '3', '2006-03-18', '2006-03-18', '2006-03-18'),


(27, 2, 'HepB', '3', '2006-04-15', '2006-04-15', '2006-04-15'),

(29, 2, 'HepB', 'COMP', '1899-12-30', '1899-12-30', '1899-12-30'),


(32, 2, 'HepB', 'Comp', '1899-12-30', '1899-12-30', '1899-12-30'),


(35, 2, 'HepB', '3', '2003-01-10', '2003-01-10', '2003-11-15'),


(38, 2, 'HepB', '3', '2005-06-18', '2005-07-01', '2006-07-01'),


(41, 2, 'Var', '2', '2005-10-01', '2008-07-01', '2009-07-01'),
(42, 2, 'Var', '1', '2004-12-03', '2004-12-03', '2005-02-10'),
(43, 2, 'Var', '2', '2006-06-24', '2009-03-17', '2010-03-17'),
(44, 2, 'Var', '2', '2006-06-24', '2009-03-17', '2010-03-17'),
(44, 2, 'MMR', '1', '2006-05-26', '2006-05-26', '2006-06-17'),
(46, 2, 'Var', '2', '2005-04-12', '2005-04-12', '2005-04-12'),
(47, 2, 'Var', '1', '1993-01-01', '1993-01-01', '1994-04-01'),

(48, 2, 'Var', 'COMP', '1899-12-30', '1899-12-30', '1899-12-30'),
(50, 2, 'Var', '2', '2005-05-07', '2050-05-07', '2005-05-07'),

(52, 2, 'MMR', '2', '2005-09-05', '2008-08-08', '2009-08-08'),
(52, 2, 'Var', '2', '2005-11-08', '2008-08-08', '2009-08-08'),
(54, 2, 'Var', '2', '2004-03-02', '2006-11-11', '2007-11-11'),

(56, 2, 'Var', '1', '2006-08-27', '2006-08-27', '2006-10-07'),

(58, 2, 'Var', 'COMP', '1899-12-30', '1899-12-30', '1899-12-30'),
(59, 2, 'Var', 'COMP', '1899-12-30', '1899-12-30', '1899-12-30'),
(60, 2, 'Var', '1', '2005-03-18', '2005-03-18', '2005-06-18'),

(62, 2, 'Hib', '1', '2004-03-06', '2004-03-06', '2004-03-06'),


(64, 2, 'Hib', '3', '2005-02-04', '2005-02-04', '2005-02-04'),

(67, 2, 'Hib', 'COMP', '1899-12-30', '1899-12-30', '1899-12-30'),
(67, 2, 'HepB', 'COMP', '1899-12-30', '1899-12-30', '1899-12-30'),

(70, 2, 'Hib', '3', '2005-07-05', '2005-07-10', '2005-08-15'),
(70, 2, 'HepB', 'COMP', '1899-12-30', '1899-12-30', '1899-12-30'),

(73, 2, 'Hib', '3', '2006-01-01', '2006-01-01', '2006-04-01'),
(73, 2, 'HepB', '3', '2005-06-18', '2005-07-01', '2006-07-01'),

(76, 2, 'Hib', '2', '2005-01-30', '2005-02-10', '2005-02-10'),
(76, 2, 'HepB', '2', '2005-01-30', '2005-01-30', '2005-01-30'),
(78, 2, 'Hib', '2', '2006-07-27', '2006-07-27', '2006-09-01'),
(79, 2, 'Hib', 'COMP', '1899-12-30', '1899-12-30', '1899-12-30'),

(81, 2, 'Hib', '2', '2006-04-08', '2006-04-08', '2006-04-11'),

(83, 2, 'Hib', 'COMP', '1899-12-30', '1899-12-30', '1899-12-30'),
(84, 2, 'Hib', '1', '2004-03-06', '2004-03-06', '2004-03-06'),
(85, 2, 'Hib', '3', '2005-02-04', '2005-02-04', '2005-05-04'),

(87, 2, 'Hib', 'COMP', '1899-12-30', '1899-12-30', '1899-12-30'),


(90, 2, 'Hib', '3', '2005-07-05', '2005-07-05', '2005-08-15'),


(93, 2, 'Hib', '2', '2005-01-30', '2005-02-10', '2005-02-10'),

(95, 2, 'Hib', '2', '2006-07-27', '2006-08-01', '2006-09-01'),
(96, 2, 'Hib', 'COMP', '1899-12-30', '1899-12-30', '1899-12-30'),

(98, 2, 'Hib', '2', '2006-04-08', '2006-04-08', '2006-04-11'),

(100, 2, 'Hib', 'COMP', '1899-12-30', '1899-12-30', '1899-12-30'),
(101, 2, 'Hib', 'COMP', '1899-12-30', '1899-12-30', '1899-12-30'),
(102, 2, 'Hib', 'COMP', '1899-12-30', '1899-12-30', '1899-12-30'),
(103, 2, 'Hib', '2', '2006-06-10', '2006-08-01', '2006-08-01'),
(104, 2, 'Hib', '3', '2006-05-23', '2006-08-01', '2006-08-01'),

(106, 2, 'Hib', '4', '2006-12-01', '2006-12-01', '2007-03-01'),


(109, 2, 'Hib', '4', '2006-09-22', '2006-09-22', '2006-11-01'),


(112, 2, 'Hib', 'COMP', '1899-12-30', '1899-12-30', '1899-12-30'),



(116, 2, 'Hib', '2', '2006-07-08', '2006-07-08', '2006-07-08'),
(117, 2, 'Hib', '3', '2006-09-10', '2006-09-10', '2010-12-06'),

(119, 2, 'Hib', '3', '2006-07-27', '2006-07-27', '2006-09-01'),

(121, 2, 'Hib', '2', '2006-07-27', '2006-07-27', '2006-09-01'),
(122, 2, 'Hib', '2', '2006-07-27', '2006-07-27', '2006-09-01'),
(123, 2, 'Hib', 'COMP', '1899-12-30', '1899-12-30', '1899-12-30'),

(125, 2, 'Hib', '1', '2006-07-05', '2006-07-05', '2006-07-05'),
(126, 2, 'Hib', '2', '2006-06-24', '2006-07-04', '2006-07-04'),

(128, 2, 'Hib', '2', '2006-05-30', '2006-06-26', '2006-06-26'),

(130, 2, 'Hib', '3', '2006-05-07', '2006-07-06', '2006-07-06'),


(133, 2, 'Hib', '3', '2006-05-10', '2006-07-06', '2006-07-06'),


(136, 2, 'Hib', '4', '2006-05-25', '2006-05-25', '2006-07-04'),



(140, 2, 'Hib', '2', '2006-05-27', '2006-05-27', '2006-05-27'),

(142, 2, 'Hib', '4', '2006-06-12', '2006-06-12', '2006-07-07'),



(146, 2, 'Hib', '4', '2006-03-12', '2002-03-15', '2006-04-12'),


(149, 2, 'Hib', '3', '2008-05-17', '2008-05-17', '2008-08-17'),

(151, 2, 'Hib', '3', '2006-08-30', '2006-10-27', '2006-10-27'),

(153, 2, 'Hib', 'COMP', '1899-12-30', '1899-12-30', '1899-12-30');


REPLACE INTO actual_result (case_id, software_id, line_code, dose_number, valid_date, due_date, overdue_date) VALUES
(2, 2, 'HepB', '2', '2006-04-29', '2006-06-01', '2006-06-01'),
(3, 2, 'HepB', '3', '2006-07-19', '2006-08-01', '2006-08-01'),

(5, 2, 'HepB', 'COMP', '1899-12-30', '1899-12-30', '1899-12-30'),


(8, 2, 'HepB', '2', '2005-09-21', '2005-10-01', '2005-10-01'),

(10, 2, 'HepB', '3', '2006-03-18', '2006-03-18', '2006-12-01'),


(13, 2, 'HepB', '3', '2006-08-07', '2006-08-07', '2007-07-01'),


(16, 2, 'HepB', '3', '2005-03-13', '2005-03-13', '2006-01-01'),


(19, 2, 'HepB', '2', '2006-11-28', '2006-12-08', '2006-11-28'),
(20, 2, 'HepB', 'COMP', '1899-12-30', '1899-12-30', '1899-12-30'),

(22, 2, 'HepB', '3', '2003-08-26', '2003-08-26', '2003-08-26'),

(24, 2, 'HepB', '3', '2006-03-18', '2006-03-18', '2006-03-18'),


(27, 2, 'HepB', '3', '2006-04-15', '2006-04-15', '2006-04-15'),

(29, 2, 'HepB', 'COMP', '1899-12-30', '1899-12-30', '1899-12-30'),


(32, 2, 'HepB', 'Comp', '1899-12-30', '1899-12-30', '1899-12-30'),


(35, 2, 'HepB', '3', '2003-01-10', '2003-01-10', '2003-11-15'),


(38, 2, 'HepB', '3', '2005-06-18', '2005-07-01', '2006-07-01'),


(41, 2, 'Var', '2', '2005-10-01', '2008-07-01', '2009-07-01'),
(42, 2, 'Var', '1', '2004-12-03', '2004-12-03', '2005-02-10'),
(43, 2, 'Var', '2', '2009-06-24', '2009-03-17', '2010-03-17'),
(44, 2, 'Var', '2', '2006-06-24', '2009-03-17', '2010-03-17'),
(44, 2, 'MMR', '1', '2006-05-26', '2006-05-26', '2006-06-17'),
(46, 2, 'Var', '2', '2005-04-12', '2005-04-12', '2005-04-12'),
(47, 2, 'Var', '1', '2005-01-01', '2005-01-01', '2005-01-01'),

(48, 2, 'Var', 'COMP', '1899-12-30', '1899-12-30', '1899-12-30'),
(50, 2, 'Var', '2', '2005-05-07', '2050-05-07', '2005-05-07'),

(52, 2, 'MMR', '2', '2005-09-08', '2008-08-08', '2009-08-08'),
(52, 2, 'Var', '2', '2005-11-08', '2008-08-08', '2009-08-08'),
(54, 2, 'Var', '2', '2004-03-02', '2006-11-11', '2007-11-11'),

(56, 2, 'Var', '1', '2006-08-27', '2006-08-27', '2006-10-07'),

(58, 2, 'Var', 'COMP', '1899-12-30', '1899-12-30', '1899-12-30'),
(59, 2, 'Var', 'COMP', '1899-12-30', '1899-12-30', '1899-12-30'),
(60, 2, 'Var', '1', '2005-03-18', '2005-03-18', '2005-06-18'),

(62, 2, 'Hib', '1', '2004-03-06', '2004-03-06', '2004-03-06'),


(64, 2, 'Hib', '3', '2005-02-04', '2005-02-04', '2005-02-04'),

(67, 2, 'Hib', 'COMP', '1899-12-30', '1899-12-30', '1899-12-30'),
(67, 2, 'HepB', 'COMP', '1899-12-30', '1899-12-30', '1899-12-30'),

(70, 2, 'Hib', '3', '2005-07-05', '2005-07-05', '2005-08-15'),
(70, 2, 'HepB', 'COMP', '1899-12-30', '1899-12-30', '1899-12-30'),

(73, 2, 'Hib', '3', '2006-01-01', '2006-01-01', '2006-04-01'),
(73, 2, 'HepB', '3', '2005-06-18', '2005-07-01', '2006-07-01'),

(76, 2, 'Hib', '2', '2005-01-30', '2005-02-10', '2005-03-02'),
(76, 2, 'HepB', '2', '2005-01-30', '2005-01-30', '2005-01-30'),
(78, 2, 'Hib', '2', '2006-07-27', '2006-07-27', '2006-09-01'),
(79, 2, 'Hib', 'COMP', '1899-12-30', '1899-12-30', '1899-12-30'),

(81, 2, 'Hib', '2', '2006-04-08', '2006-04-08', '2006-04-11'),

(83, 2, 'Hib', 'COMP', '1899-12-30', '1899-12-30', '1899-12-30'),
(84, 2, 'Hib', '1', '2004-03-06', '2004-03-06', '2004-03-06'),
(85, 2, 'Hib', '3', '2005-02-04', '2005-02-04', '2005-05-04'),

(87, 2, 'Hib', 'COMP', '1899-12-30', '1899-12-30', '1899-12-30'),


(90, 2, 'Hib', '3', '2005-07-05', '2005-07-05', '2005-08-15'),


(93, 2, 'Hib', '2', '2005-01-30', '2005-02-10', '2005-03-02'),

(95, 2, 'Hib', '2', '2006-07-27', '2006-07-27', '2006-09-01'),
(96, 2, 'Hib', 'COMP', '1899-12-30', '1899-12-30', '1899-12-30'),

(98, 2, 'Hib', '2', '2006-04-08', '2006-04-08', '2006-04-11'),

(100, 2, 'Hib', 'COMP', '1899-12-30', '1899-12-30', '1899-12-30'),
(101, 2, 'Hib', 'COMP', '1899-12-30', '1899-12-30', '1899-12-30'),
(102, 2, 'Hib', 'COMP', '1899-12-30', '1899-12-30', '1899-12-30'),
(103, 2, 'Hib', '2', '2006-06-10', '2006-08-01', '2006-08-01'),
(104, 2, 'Hib', '3', '2006-05-23', '2006-08-01', '2006-08-01'),

(106, 2, 'Hib', '4', '2006-12-01', '2006-12-01', '2007-03-01');

REPLACE INTO actual_result (case_id, software_id, line_code, dose_number, valid_date, due_date, overdue_date) VALUES
(2, 2, 'HepB', '2', '2006-04-29', '2006-06-01', '2006-06-01'),
(3, 2, 'HepB', '3', '2006-07-19', '2006-08-01', '2006-08-01'),

(5, 2, 'HepB', 'COMP', '1899-12-30', '1899-12-30', '1899-12-30'),


(8, 2, 'HepB', '2', '2005-09-21', '2005-10-01', '2005-10-01'),

(10, 2, 'HepB', '3', '2006-03-18', '2006-03-18', '2006-12-01'),


(13, 2, 'HepB', '3', '2006-08-07', '2006-08-07', '2007-07-01'),


(16, 2, 'HepB', '3', '2005-03-13', '2005-03-13', '2006-01-01'),


(19, 2, 'HepB', '2', '2006-11-28', '2006-12-08', '2006-11-28'),
(20, 2, 'HepB', 'COMP', '1899-12-30', '1899-12-30', '1899-12-30'),

(22, 2, 'HepB', '3', '2003-08-26', '2003-08-26', '2003-08-26'),

(24, 2, 'HepB', '3', '2006-03-18', '2006-03-18', '2006-03-18'),


(27, 2, 'HepB', '3', '2006-04-15', '2006-04-15', '2006-04-15'),

(29, 2, 'HepB', 'COMP', '1899-12-30', '1899-12-30', '1899-12-30'),


(32, 2, 'HepB', 'Comp', '1899-12-30', '1899-12-30', '1899-12-30'),


(35, 2, 'HepB', '3', '2003-01-10', '2003-01-10', '2003-11-15'),


(38, 2, 'HepB', '3', '2005-06-18', '2005-07-01', '2006-07-01'),


(41, 2, 'Var', '2', '2005-10-01', '2008-07-01', '2009-07-01'),
(42, 2, 'Var', '1', '2004-12-03', '2004-12-03', '2005-02-10'),
(43, 2, 'Var', '2', '2009-06-24', '2009-03-17', '2010-03-17'),
(44, 2, 'Var', '2', '2006-06-24', '2009-03-17', '2010-03-17'),
(44, 2, 'MMR', '1', '2006-05-26', '2006-05-26', '2006-06-17'),
(46, 2, 'Var', '2', '2005-04-12', '2005-04-12', '2005-04-12'),
(47, 2, 'Var', '1', '2005-01-01', '2005-01-01', '2005-01-01'),

(48, 2, 'Var', 'COMP', '1899-12-30', '1899-12-30', '1899-12-30'),
(50, 2, 'Var', '2', '2005-05-07', '2050-05-07', '2005-05-07'),

(52, 2, 'MMR', '2', '2005-09-08', '2008-08-08', '2009-08-08'),
(52, 2, 'Var', '2', '2005-11-08', '2008-08-08', '2009-08-08'),
(54, 2, 'Var', '2', '2004-03-02', '2006-11-11', '2007-11-11'),

(56, 2, 'Var', '1', '2006-08-27', '2006-08-27', '2006-10-07'),

(58, 2, 'Var', 'COMP', '1899-12-30', '1899-12-30', '1899-12-30'),
(59, 2, 'Var', 'COMP', '1899-12-30', '1899-12-30', '1899-12-30'),
(60, 2, 'Var', '1', '2005-03-18', '2005-03-18', '2005-06-18'),

(62, 2, 'Hib', '1', '2004-03-06', '2004-03-06', '2004-03-06'),


(64, 2, 'Hib', '3', '2005-02-04', '2005-02-04', '2005-02-04'),

(67, 2, 'Hib', 'COMP', '1899-12-30', '1899-12-30', '1899-12-30'),
(67, 2, 'HepB', 'COMP', '1899-12-30', '1899-12-30', '1899-12-30'),

(70, 2, 'Hib', '3', '2005-07-05', '2005-07-05', '2005-08-15'),
(70, 2, 'HepB', 'COMP', '1899-12-30', '1899-12-30', '1899-12-30'),

(73, 2, 'Hib', '3', '2006-01-01', '2006-01-01', '2006-04-01'),
(73, 2, 'HepB', '3', '2005-06-18', '2005-07-01', '2006-07-01'),

(76, 2, 'Hib', '2', '2005-01-30', '2005-02-10', '2005-03-02'),
(76, 2, 'HepB', '2', '2005-01-30', '2005-01-30', '2005-01-30'),
(78, 2, 'Hib', '2', '2006-07-27', '2006-07-27', '2006-09-01'),
(79, 2, 'Hib', 'COMP', '1899-12-30', '1899-12-30', '1899-12-30'),

(81, 2, 'Hib', '2', '2006-04-08', '2006-04-08', '2006-04-11'),

(83, 2, 'Hib', 'COMP', '1899-12-30', '1899-12-30', '1899-12-30'),
(84, 2, 'Hib', '1', '2004-03-06', '2004-03-06', '2004-03-06'),
(85, 2, 'Hib', '3', '2005-02-04', '2005-02-04', '2005-05-04'),

(87, 2, 'Hib', 'COMP', '1899-12-30', '1899-12-30', '1899-12-30'),


(90, 2, 'Hib', '3', '2005-07-05', '2005-07-05', '2005-08-15'),


(93, 2, 'Hib', '2', '2005-01-30', '2005-02-10', '2005-03-02'),

(95, 2, 'Hib', '2', '2006-07-27', '2006-07-27', '2006-09-01'),
(96, 2, 'Hib', 'COMP', '1899-12-30', '1899-12-30', '1899-12-30'),

(98, 2, 'Hib', '2', '2006-04-08', '2006-04-08', '2006-04-11'),

(100, 2, 'Hib', 'COMP', '1899-12-30', '1899-12-30', '1899-12-30'),
(101, 2, 'Hib', 'COMP', '1899-12-30', '1899-12-30', '1899-12-30'),
(102, 2, 'Hib', 'COMP', '1899-12-30', '1899-12-30', '1899-12-30'),
(103, 2, 'Hib', '2', '2006-06-10', '2006-08-01', '2006-08-01'),
(104, 2, 'Hib', '3', '2006-05-23', '2006-08-01', '2006-08-01'),

(106, 2, 'Hib', '4', '2006-12-01', '2006-12-01', '2007-03-01'),


(109, 2, 'Hib', '4', '2006-09-22', '2006-09-22', '2006-11-01'),


(112, 2, 'Hib', 'COMP', '1899-12-30', '1899-12-30', '1899-12-30'),



(116, 2, 'Hib', '2', '2006-07-08', '2006-07-08', '2006-07-08'),
(117, 2, 'Hib', '3', '2006-07-08', '2006-07-08', '2006-07-08'),

(119, 2, 'Hib', '3', '2006-07-27', '2006-07-27', '2006-09-01'),

(121, 2, 'Hib', '2', '2006-07-27', '2006-07-27', '2006-09-01'),
(122, 2, 'Hib', '2', '2006-07-27', '2006-07-27', '2006-09-01'),
(123, 2, 'Hib', 'COMP', '1899-12-30', '1899-12-30', '1899-12-30'),

(125, 2, 'Hib', '1', '2006-07-05', '2006-07-05', '2006-07-05'),
(126, 2, 'Hib', '2', '2006-06-24', '2006-07-04', '2006-07-04'),

(128, 2, 'Hib', '2', '2006-05-30', '2006-06-26', '2006-06-26'),

(130, 2, 'Hib', '3', '2006-05-07', '2006-07-06', '2006-07-06'),


(133, 2, 'Hib', '3', '2006-05-10', '2006-07-06', '2006-07-06'),


(136, 2, 'Hib', '4', '2006-05-25', '2006-05-25', '2006-07-04'),



(140, 2, 'Hib', '2', '2006-05-27', '2006-05-27', '2006-05-27'),

(142, 2, 'Hib', '4', '2006-06-12', '2006-06-12', '2006-07-07'),



(146, 2, 'Hib', '4', '2006-03-12', '2006-03-12', '2006-04-12'),


(149, 2, 'Hib', '3', '2008-01-16', '2008-01-16', '2008-01-16'),

(151, 2, 'Hib', '3', '2006-08-30', '2006-10-27', '2006-10-27'),

(153, 2, 'Hib', 'COMP', '1899-12-30', '1899-12-30', '1899-12-30');


REPLACE INTO actual_result (software_id, case_id, line_code, dose_number, valid_date, due_date, overdue_date)
VALUES
(1, 2, 'DTaP', '1', '2006-05-13', '2006-06-01', '2006-07-01'),
(1, 2, 'HPV', '1', '2015-04-01', '2017-04-01', '2019-04-01'),
(1, 2, 'HepA', '1', '2007-04-01', '2007-04-01', '2008-04-01'),
(1, 2, 'HepB', '1', '2006-04-29', '2006-04-29', '2006-04-29'),
(1, 2, 'Hib', '1', '2006-05-13', '2006-06-01', '2006-07-01'),
(1, 2, 'Flu', '1', '2006-10-01', '2006-10-01', '2007-05-01'),
(1, 2, 'MMR', '1', '2007-04-01', '2007-04-01', '2007-08-01'),
(1, 2, 'Meni', '1', '2017-04-01', '2017-04-01', '2019-04-01'),
(1, 2, 'Pneu', '1', '2006-05-13', '2006-06-01', '2006-07-01'),
(1, 2, 'Polio', '1', '2006-05-13', '2006-06-01', '2006-07-01'),
(1, 2, 'Rota', '1', '2006-05-13', '2006-06-01', '2006-07-01'),
(1, 2, 'Var', '1', '2007-04-01', '2007-04-01', '2007-08-01'),
(1, 3, 'DTaP', '1', '2006-03-15', '2006-04-01', '2006-05-01'),
(1, 3, 'HepA', '1', '2007-02-01', '2007-02-01', '2008-02-01'),
(1, 3, 'HepB', '1', '2006-03-25', '2006-03-25', '2006-03-25'),
(1, 3, 'Hib', '1', '2006-03-15', '2006-04-01', '2006-05-01'),
(1, 3, 'Flu', '1', '2006-08-01', '2006-08-01', '2007-03-01'),
(1, 3, 'MMR', '1', '2007-02-01', '2007-02-01', '2007-06-01'),
(1, 3, 'Meni', '1', '2017-02-01', '2017-02-01', '2019-02-01'),
(1, 3, 'Pneu', '1', '2006-03-15', '2006-04-01', '2006-05-01'),
(1, 3, 'Polio', '1', '2006-03-15', '2006-04-01', '2006-05-01'),
(1, 3, 'Rota', '1', '2006-03-15', '2006-04-01', '2006-05-01'),
(1, 3, 'Var', '1', '2007-02-01', '2007-02-01', '2007-06-01'),
(1, 5, 'DTaP', '1', '2006-01-12', '2006-02-01', '2006-03-01'),
(1, 5, 'HepA', '1', '2006-12-01', '2006-12-01', '2007-12-01'),
(1, 5, 'HepB', '2', '2006-06-11', '2006-06-11', '2006-08-14'),
(1, 5, 'Hib', '1', '2006-01-12', '2006-02-01', '2006-03-01'),
(1, 5, 'Flu', '1', '2006-06-01', '2006-06-01', '2007-01-01'),
(1, 5, 'MMR', '1', '2006-12-01', '2006-12-01', '2007-04-01'),
(1, 5, 'Meni', '1', '2016-12-01', '2016-12-01', '2018-12-01'),
(1, 5, 'Pneu', '1', '2006-01-12', '2006-02-01', '2006-03-01'),
(1, 5, 'Polio', '1', '2006-01-12', '2006-02-01', '2006-03-01'),
(1, 5, 'Rota', '1', '2006-01-12', '2006-02-01', '2006-03-01'),
(1, 5, 'Var', '1', '2006-12-01', '2006-12-01', '2007-04-01'),
(1, 8, 'DTaP', '1', '2005-07-13', '2005-08-01', '2005-09-01'),
(1, 8, 'HPV', '1', '2014-06-01', '2016-06-01', '2018-06-01'),
(1, 8, 'HepA', '1', '2006-06-01', '2006-06-01', '2007-06-01'),
(1, 8, 'HepB', '3', '2006-03-18', '2006-03-18', '2007-01-01'),
(1, 8, 'Hib', '1', '2005-07-13', '2005-08-01', '2005-09-01'),
(1, 8, 'Flu', '1', '2005-12-01', '2005-12-01', '2006-07-01'),
(1, 8, 'MMR', '1', '2006-06-01', '2006-06-01', '2006-10-01'),
(1, 8, 'Meni', '1', '2016-06-01', '2016-06-01', '2018-06-01'),
(1, 8, 'Pneu', '1', '2005-07-13', '2005-08-01', '2005-09-01'),
(1, 8, 'Polio', '1', '2005-07-13', '2005-08-01', '2005-09-01'),
(1, 8, 'Rota', '1', '2005-07-13', '2005-08-01', '2005-09-01'),
(1, 8, 'Var', '1', '2006-06-01', '2006-06-01', '2006-10-01'),
(1, 11, 'DTaP', '1', '2005-09-12', '2005-10-01', '2005-11-01'),
(1, 11, 'HepA', '1', '2006-08-01', '2006-08-01', '2007-08-01'),
(1, 11, 'HepB', '1', '2005-09-21', '2005-09-21', '2005-09-21'),
(1, 11, 'Hib', '1', '2005-09-12', '2005-10-01', '2005-11-01'),
(1, 11, 'Flu', '1', '2006-02-01', '2006-02-01', '2006-09-01'),
(1, 11, 'MMR', '1', '2006-08-01', '2006-08-01', '2006-12-01'),
(1, 11, 'Meni', '1', '2016-08-01', '2016-08-01', '2018-08-01'),
(1, 11, 'Pneu', '1', '2005-09-12', '2005-10-01', '2005-11-01'),
(1, 11, 'Polio', '1', '2005-09-12', '2005-10-01', '2005-11-01'),
(1, 11, 'Rota', '1', '2005-09-12', '2005-10-01', '2005-11-01'),
(1, 11, 'Var', '1', '2006-08-01', '2006-08-01', '2006-12-01'),
(1, 13, 'DTaP', '1', '1992-06-16', '1992-07-05', '1992-08-05'),
(1, 13, 'HepA', '1', '1993-05-05', '1993-05-05', '1994-05-05'),
(1, 13, 'HepB', '3', '2006-12-08', '2006-12-08', '2007-02-08'),
(1, 13, 'Hib', '1', '1992-06-16', '1992-07-05', '1992-08-05'),
(1, 13, 'Flu', '1', '1992-11-05', '1992-11-05', '1993-06-05'),
(1, 13, 'MMR', '1', '1993-05-05', '1993-05-05', '1993-09-05'),
(1, 13, 'Meni', '1', '2003-05-05', '2003-05-05', '2005-05-05'),
(1, 13, 'Pneu', '1', '1992-06-16', '1992-07-05', '1992-08-05'),
(1, 13, 'Polio', '1', '1992-06-16', '1992-07-05', '1992-08-05'),
(1, 13, 'Rota', '1', '1992-06-16', '1992-07-05', '1992-08-05'),
(1, 13, 'Var', '1', '1993-05-05', '1993-05-05', '1993-09-05'),
(1, 14, 'DTaP', '1', '1993-05-19', '1993-06-07', '1993-07-07'),
(1, 14, 'HepA', '1', '1994-04-07', '1994-04-07', '1995-04-07'),
(1, 14, 'Hib', '1', '1993-05-19', '1993-06-07', '1993-07-07'),
(1, 14, 'Flu', '1', '1993-10-07', '1993-10-07', '1994-05-07'),
(1, 14, 'MMR', '1', '1994-04-07', '1994-04-07', '1994-08-07'),
(1, 14, 'Meni', '1', '2004-04-07', '2004-04-07', '2006-04-07'),
(1, 14, 'Pneu', '1', '1993-05-19', '1993-06-07', '1993-07-07'),
(1, 14, 'Polio', '1', '1993-05-19', '1993-06-07', '1993-07-07'),
(1, 14, 'Rota', '1', '1993-05-19', '1993-06-07', '1993-07-07'),
(1, 14, 'Var', '1', '1994-04-07', '1994-04-07', '1994-08-07'),
(1, 16, 'DTaP', '1', '1998-10-28', '1998-11-16', '1998-12-16'),
(1, 16, 'HepA', '1', '1999-09-16', '1999-09-16', '2000-09-16'),
(1, 16, 'HepB', '3', '2006-04-15', '2006-04-15', '2006-04-15'),
(1, 16, 'Hib', '1', '1998-10-28', '1998-11-16', '1998-12-16'),
(1, 16, 'Flu', '1', '1999-03-16', '1999-03-16', '1999-10-16'),
(1, 16, 'MMR', '1', '1999-09-16', '1999-09-16', '2000-01-16'),
(1, 16, 'Meni', '1', '2009-09-16', '2009-09-16', '2011-09-16'),
(1, 16, 'Pneu', '1', '1998-10-28', '1998-11-16', '1998-12-16'),
(1, 16, 'Polio', '1', '1998-10-28', '1998-11-16', '1998-12-16'),
(1, 16, 'Rota', '1', '1998-10-28', '1998-11-16', '1998-12-16'),
(1, 16, 'Var', '1', '1999-09-16', '1999-09-16', '2000-01-16'),
(1, 18, 'DTaP', '1', '2006-02-12', '2006-03-01', '2006-04-01'),
(1, 18, 'HPV', '1', '2015-01-01', '2017-01-01', '2019-01-01'),
(1, 18, 'HepA', '1', '2007-01-01', '2007-01-01', '2008-01-01'),
(1, 18, 'HepB', '3', '2006-08-07', '2006-08-07', '2007-08-01'),
(1, 18, 'Hib', '1', '2006-02-12', '2006-03-01', '2006-04-01'),
(1, 18, 'Flu', '1', '2006-07-01', '2006-07-01', '2007-02-01'),
(1, 18, 'MMR', '1', '2007-01-01', '2007-01-01', '2007-05-01'),
(1, 18, 'Meni', '1', '2017-01-01', '2017-01-01', '2019-01-01'),
(1, 18, 'Pneu', '1', '2006-02-12', '2006-03-01', '2006-04-01'),
(1, 18, 'Polio', '1', '2006-02-12', '2006-03-01', '2006-04-01'),
(1, 18, 'Rota', '1', '2006-02-12', '2006-03-01', '2006-04-01'),
(1, 18, 'Var', '1', '2007-01-01', '2007-01-01', '2007-05-01'),
(1, 21, 'DTaP', '1', '2002-06-26', '2002-07-15', '2002-08-15'),
(1, 21, 'HepA', '1', '2003-05-15', '2003-05-15', '2004-05-15'),
(1, 21, 'Flu', '1', '2002-11-15', '2002-11-15', '2003-06-15'),
(1, 21, 'MMR', '1', '2003-05-15', '2003-05-15', '2003-09-15'),
(1, 21, 'Meni', '1', '2013-05-15', '2013-05-15', '2015-05-15'),
(1, 21, 'Pneu', '1', '2002-06-26', '2002-07-15', '2002-08-15'),
(1, 21, 'Polio', '1', '2002-06-26', '2002-07-15', '2002-08-15'),
(1, 21, 'Rota', '1', '2002-06-26', '2002-07-15', '2002-08-15'),
(1, 21, 'Var', '1', '2003-05-15', '2003-05-15', '2003-09-15'),
(1, 24, 'DTaP', '1', '2005-02-12', '2005-03-01', '2005-04-01'),
(1, 24, 'HepA', '1', '2006-01-01', '2006-01-01', '2007-01-01'),
(1, 24, 'HepB', '3', '2005-06-18', '2005-06-18', '2006-08-01'),
(1, 24, 'Hib', 'B', '2006-01-01', '2006-01-01', '2006-05-01'),
(1, 24, 'Flu', '1', '2005-07-01', '2005-07-01', '2006-02-01'),
(1, 24, 'MMR', '1', '2006-01-01', '2006-01-01', '2006-05-01'),
(1, 24, 'Meni', '1', '2016-01-01', '2016-01-01', '2018-01-01'),
(1, 24, 'Pneu', '1', '2005-02-12', '2005-03-01', '2005-04-01'),
(1, 24, 'Polio', '1', '2005-02-12', '2005-03-01', '2005-04-01'),
(1, 24, 'Rota', '1', '2005-02-12', '2005-03-01', '2005-04-01'),
(1, 24, 'Var', '1', '2006-01-01', '2006-01-01', '2006-05-01'),
(1, 27, 'DTaP', '1', '1992-06-12', '1992-07-01', '1992-08-01'),
(1, 27, 'HepA', '1', '1993-05-01', '1993-05-01', '1994-05-01'),
(1, 27, 'HepB', '3', '2003-09-01', '2003-11-01', '2004-01-01'),
(1, 27, 'Hib', '1', '1992-06-12', '1992-07-01', '1992-08-01'),
(1, 27, 'Flu', '1', '1992-11-01', '1992-11-01', '1993-06-01'),
(1, 27, 'MMR', '1', '1993-05-01', '1993-05-01', '1993-09-01'),
(1, 27, 'Meni', '1', '2003-05-01', '2003-05-01', '2005-05-01'),
(1, 27, 'Pneu', '1', '1992-06-12', '1992-07-01', '1992-08-01'),
(1, 27, 'Polio', '1', '1992-06-12', '1992-07-01', '1992-08-01'),
(1, 27, 'Rota', '1', '1992-06-12', '1992-07-01', '1992-08-01'),
(1, 27, 'Var', '1', '1993-05-01', '1993-05-01', '1993-09-01'),
(1, 29, 'DTaP', '1', '1992-06-12', '1992-07-01', '1992-08-01'),
(1, 29, 'HepA', '1', '1993-05-01', '1993-05-01', '1994-05-01'),
(1, 29, 'HepB', '3', '2006-03-18', '2006-03-18', '2006-03-18'),
(1, 29, 'Hib', '1', '1992-06-12', '1992-07-01', '1992-08-01'),
(1, 29, 'Flu', '1', '1992-11-01', '1992-11-01', '1993-06-01'),
(1, 29, 'MMR', '1', '1993-05-01', '1993-05-01', '1993-09-01'),
(1, 29, 'Meni', '1', '2003-05-01', '2003-05-01', '2005-05-01'),
(1, 29, 'Pneu', '1', '1992-06-12', '1992-07-01', '1992-08-01'),
(1, 29, 'Polio', '1', '1992-06-12', '1992-07-01', '1992-08-01'),
(1, 29, 'Rota', '1', '1992-06-12', '1992-07-01', '1992-08-01'),
(1, 29, 'Var', '1', '1993-05-01', '1993-05-01', '1993-09-01'),
(1, 32, 'DTaP', '1', '2002-06-26', '2002-07-15', '2002-08-15'),
(1, 32, 'HepA', '1', '2003-05-15', '2003-05-15', '2004-05-15'),
(1, 32, 'HepB', '3', '2003-01-10', '2003-01-10', '2003-12-15'),
(1, 32, 'Hib', 'B', '2003-05-15', '2003-05-15', '2003-09-15'),
(1, 32, 'Flu', '1', '2002-11-15', '2002-11-15', '2003-06-15'),
(1, 32, 'MMR', '1', '2003-05-15', '2003-05-15', '2003-09-15'),
(1, 32, 'Meni', '1', '2013-05-15', '2013-05-15', '2015-05-15'),
(1, 32, 'Pneu', '1', '2002-06-26', '2002-07-15', '2002-08-15'),
(1, 32, 'Polio', '1', '2002-06-26', '2002-07-15', '2002-08-15'),
(1, 32, 'Rota', '1', '2002-06-26', '2002-07-15', '2002-08-15'),
(1, 32, 'Var', '1', '2003-05-15', '2003-05-15', '2003-09-15'),
(1, 35, 'DTaP', '1', '2004-08-12', '2004-09-01', '2004-10-01'),
(1, 35, 'HepA', '1', '2005-07-01', '2005-07-01', '2006-07-01'),
(1, 35, 'HepB', '3', '2005-03-13', '2005-03-13', '2006-02-01'),
(1, 35, 'Hib', '1', '2004-08-12', '2004-09-01', '2004-10-01'),
(1, 35, 'Flu', '1', '2005-01-01', '2005-01-01', '2005-08-01'),
(1, 35, 'MMR', '1', '2005-07-01', '2005-07-01', '2005-11-01'),
(1, 35, 'Meni', '1', '2015-07-01', '2015-07-01', '2017-07-01'),
(1, 35, 'Pneu', '1', '2004-08-12', '2004-09-01', '2004-10-01'),
(1, 35, 'Polio', '1', '2004-08-12', '2004-09-01', '2004-10-01'),
(1, 35, 'Rota', '1', '2004-08-12', '2004-09-01', '2004-10-01'),
(1, 35, 'Var', '1', '2005-07-01', '2005-07-01', '2005-11-01'),
(1, 38, 'DTaP', '1', '2004-03-17', '2004-04-04', '2004-05-04'),
(1, 38, 'HPV', '1', '2013-02-04', '2015-02-04', '2017-02-04'),
(1, 38, 'HepA', '1', '2005-02-04', '2005-02-04', '2006-02-04'),
(1, 38, 'HepB', '2', '2004-09-01', '2004-09-01', '2004-11-04'),
(1, 38, 'Hib', 'B', '2005-02-04', '2005-02-04', '2005-06-04'),
(1, 38, 'Flu', '1', '2004-08-04', '2004-08-04', '2005-03-04'),
(1, 38, 'MMR', '1', '2005-02-04', '2005-02-04', '2005-06-04'),
(1, 38, 'Meni', '1', '2015-02-04', '2015-02-04', '2017-02-04'),
(1, 38, 'Pneu', '1', '2004-03-17', '2004-04-04', '2004-05-04'),
(1, 38, 'Polio', '1', '2004-03-17', '2004-04-04', '2004-05-04'),
(1, 38, 'Rota', '1', '2004-03-17', '2004-04-04', '2004-05-04'),
(1, 38, 'Var', '1', '2005-02-04', '2005-02-04', '2005-06-04'),
(1, 41, 'DTaP', '1', '2004-08-12', '2004-09-01', '2004-10-01'),
(1, 41, 'HPV', '1', '2013-07-01', '2015-07-01', '2017-07-01'),
(1, 41, 'HepA', '1', '2005-07-01', '2005-07-01', '2006-07-01'),
(1, 41, 'HepB', '1', '2004-07-01', '2004-07-01', '2004-07-29'),
(1, 41, 'Hib', '1', '2004-08-12', '2004-09-01', '2004-10-01'),
(1, 41, 'Flu', '1', '2005-07-25', '2005-07-25', '2005-08-01'),
(1, 41, 'MMR', '1', '2005-07-25', '2005-07-25', '2005-11-01'),
(1, 41, 'Meni', '1', '2015-07-01', '2015-07-01', '2017-07-01'),
(1, 41, 'Pneu', '1', '2004-08-12', '2004-09-01', '2004-10-01'),
(1, 41, 'Polio', '1', '2004-08-12', '2004-09-01', '2004-10-01'),
(1, 41, 'Rota', '1', '2004-08-12', '2004-09-01', '2004-10-01'),
(1, 41, 'Var', '2', '2005-10-01', '2008-06-27', '2011-07-01'),
(1, 42, 'DTaP', '1', '2003-12-22', '2004-01-10', '2004-02-10'),
(1, 42, 'HPV', '1', '2012-11-10', '2014-11-10', '2016-11-10'),
(1, 42, 'HepA', '1', '2004-11-10', '2004-11-10', '2005-11-10'),
(1, 42, 'HepB', '1', '2003-11-10', '2003-11-10', '2003-12-08'),
(1, 42, 'Hib', '1', '2003-12-22', '2004-01-10', '2004-02-10'),
(1, 42, 'Flu', '1', '2005-12-03', '2005-12-03', '2005-12-03'),
(1, 42, 'MMR', '1', '2005-12-03', '2005-12-03', '2005-12-03'),
(1, 42, 'Meni', '1', '2014-11-10', '2014-11-10', '2016-11-10'),
(1, 42, 'Pneu', '1', '2003-12-22', '2004-01-10', '2004-02-10'),
(1, 42, 'Polio', '1', '2003-12-22', '2004-01-10', '2004-02-10'),
(1, 42, 'Rota', '1', '2003-12-22', '2004-01-10', '2004-02-10'),
(1, 42, 'Var', '2', '2006-01-28', '2007-11-10', '2010-11-10'),
(1, 43, 'DTaP', '1', '2005-04-28', '2005-05-17', '2005-06-17'),
(1, 43, 'HPV', '1', '2014-03-17', '2016-03-17', '2018-03-17'),
(1, 43, 'HepA', '1', '2006-03-17', '2006-03-17', '2007-03-17'),
(1, 43, 'HepB', '1', '2005-03-17', '2005-03-17', '2005-04-14'),
(1, 43, 'Hib', '1', '2005-04-28', '2005-05-17', '2005-06-17'),
(1, 43, 'Flu', '1', '2006-04-29', '2006-04-29', '2006-04-29'),
(1, 43, 'MMR', '1', '2006-04-29', '2006-04-29', '2006-07-17'),
(1, 43, 'Meni', '1', '2016-03-17', '2016-03-17', '2018-03-17'),
(1, 43, 'Pneu', '1', '2005-04-28', '2005-05-17', '2005-06-17'),
(1, 43, 'Polio', '1', '2005-04-28', '2005-05-17', '2005-06-17'),
(1, 43, 'Rota', '1', '2005-04-28', '2005-05-17', '2005-06-17'),
(1, 43, 'Var', '2', '2006-06-24', '2009-03-17', '2012-03-17'),
(1, 44, 'DTaP', '1', '2005-04-28', '2005-05-17', '2005-06-17'),
(1, 44, 'HPV', '1', '2014-03-17', '2016-03-17', '2018-03-17'),
(1, 44, 'HepA', '1', '2006-03-17', '2006-03-17', '2007-03-17'),
(1, 44, 'HepB', '1', '2005-03-17', '2005-03-17', '2005-04-14'),
(1, 44, 'Hib', '1', '2005-04-28', '2005-05-17', '2005-06-17'),
(1, 44, 'Flu', '1', '2006-05-26', '2006-05-26', '2006-05-26'),
(1, 44, 'MMR', '2', '2006-05-26', '2009-03-17', '2012-03-17'),
(1, 44, 'Meni', '1', '2016-03-17', '2016-03-17', '2018-03-17'),
(1, 44, 'Pneu', '1', '2005-04-28', '2005-05-17', '2005-06-17'),
(1, 44, 'Polio', '1', '2005-04-28', '2005-05-17', '2005-06-17'),
(1, 44, 'Rota', '1', '2005-04-28', '2005-05-17', '2005-06-17'),
(1, 44, 'Var', '2', '2006-06-24', '2009-03-17', '2012-03-17'),
(1, 46, 'DTaP', '1', '1992-02-12', '1992-03-01', '1992-04-01'),
(1, 46, 'HPV', '1', '2001-01-01', '2003-01-01', '2005-01-01'),
(1, 46, 'HepA', '1', '1993-01-01', '1993-01-01', '1994-01-01'),
(1, 46, 'HepB', '1', '1992-01-01', '1992-01-01', '1992-01-29'),
(1, 46, 'Hib', '1', '1992-02-12', '1992-03-01', '1992-04-01'),
(1, 46, 'Flu', '1', '2005-04-12', '2005-04-12', '2005-04-12'),
(1, 46, 'MMR', '1', '2005-04-12', '2005-04-12', '2005-04-12'),
(1, 46, 'Meni', '1', '2003-01-01', '2003-01-01', '2005-01-01'),
(1, 46, 'Pneu', '1', '1992-02-12', '1992-03-01', '1992-04-01'),
(1, 46, 'Polio', '1', '1992-02-12', '1992-03-01', '1992-04-01'),
(1, 46, 'Rota', '1', '1992-02-12', '1992-03-01', '1992-04-01'),
(1, 46, 'Var', '2', '2005-04-12', '2005-04-12', '2006-01-01'),
(1, 48, 'DTaP', '1', '1992-02-12', '1992-03-01', '1992-04-01'),
(1, 48, 'HPV', '1', '2001-01-01', '2003-01-01', '2005-01-01'),
(1, 48, 'HepA', '1', '1993-01-01', '1993-01-01', '1994-01-01'),
(1, 48, 'HepB', '1', '1992-01-01', '1992-01-01', '1992-01-29'),
(1, 48, 'Hib', '1', '1992-02-12', '1992-03-01', '1992-04-01'),
(1, 48, 'Flu', '1', '2005-05-10', '2005-05-10', '2005-05-10'),
(1, 48, 'MMR', '1', '2005-05-10', '2005-05-10', '2005-05-10'),
(1, 48, 'Meni', '1', '2003-01-01', '2003-01-01', '2005-01-01'),
(1, 48, 'Pneu', '1', '1992-02-12', '1992-03-01', '1992-04-01'),
(1, 48, 'Polio', '1', '1992-02-12', '1992-03-01', '1992-04-01'),
(1, 48, 'Rota', '1', '1992-02-12', '1992-03-01', '1992-04-01'),
(1, 50, 'DTaP', '1', '1992-02-12', '1992-03-01', '1992-04-01'),
(1, 50, 'HPV', '1', '2001-01-01', '2003-01-01', '2005-01-01'),
(1, 50, 'HepA', '1', '1993-01-01', '1993-01-01', '1994-01-01'),
(1, 50, 'HepB', '1', '1992-01-01', '1992-01-01', '1992-01-29'),
(1, 50, 'Hib', '1', '1992-02-12', '1992-03-01', '1992-04-01'),
(1, 50, 'Flu', '1', '2005-05-07', '2005-05-07', '2005-05-07'),
(1, 50, 'MMR', '1', '2005-05-07', '2005-05-07', '2005-05-07'),
(1, 50, 'Meni', '1', '2003-01-01', '2003-01-01', '2005-01-01'),
(1, 50, 'Pneu', '1', '1992-02-12', '1992-03-01', '1992-04-01'),
(1, 50, 'Polio', '1', '1992-02-12', '1992-03-01', '1992-04-01'),
(1, 50, 'Rota', '1', '1992-02-12', '1992-03-01', '1992-04-01'),
(1, 50, 'Var', '2', '2005-05-07', '2005-05-07', '2006-01-01'),
(1, 52, 'DTaP', '1', '2004-09-19', '2004-10-08', '2004-11-08'),
(1, 52, 'HPV', '1', '2013-08-08', '2015-08-08', '2017-08-08'),
(1, 52, 'HepA', '1', '2005-08-08', '2005-08-08', '2006-08-08'),
(1, 52, 'HepB', '1', '2004-08-08', '2004-08-08', '2004-09-05'),
(1, 52, 'Hib', '1', '2004-09-19', '2004-10-08', '2004-11-08'),
(1, 52, 'Flu', '1', '2005-09-05', '2005-09-05', '2005-09-08'),
(1, 52, 'MMR', '2', '2005-09-05', '2008-08-08', '2011-08-08'),
(1, 52, 'Meni', '1', '2015-08-08', '2015-08-08', '2017-08-08'),
(1, 52, 'Pneu', '1', '2004-09-19', '2004-10-08', '2004-11-08'),
(1, 52, 'Polio', '1', '2004-09-19', '2004-10-08', '2004-11-08'),
(1, 52, 'Rota', '1', '2004-09-19', '2004-10-08', '2004-11-08'),
(1, 52, 'Var', '2', '2005-11-08', '2008-08-08', '2011-08-08'),
(1, 54, 'DTaP', '1', '2002-12-23', '2003-01-11', '2003-02-11'),
(1, 54, 'HPV', '1', '2011-11-11', '2013-11-11', '2015-11-11'),
(1, 54, 'HepA', '1', '2003-11-11', '2003-11-11', '2004-11-11'),
(1, 54, 'HepB', '1', '2002-11-11', '2002-11-11', '2002-12-09'),
(1, 54, 'Hib', '1', '2002-12-23', '2003-01-11', '2003-02-11'),
(1, 54, 'Flu', '1', '2004-01-06', '2004-01-06', '2004-01-06'),
(1, 54, 'MMR', '1', '2004-01-06', '2004-01-06', '2004-03-11'),
(1, 54, 'Meni', '1', '2013-11-11', '2013-11-11', '2015-11-11'),
(1, 54, 'Pneu', '1', '2002-12-23', '2003-01-11', '2003-02-11'),
(1, 54, 'Polio', '1', '2002-12-23', '2003-01-11', '2003-02-11'),
(1, 54, 'Rota', '1', '2002-12-23', '2003-01-11', '2003-02-11'),
(1, 54, 'Var', '2', '2004-02-11', '2006-11-11', '2009-11-11'),
(1, 56, 'DTaP', '1', '2005-08-18', '2005-09-07', '2005-10-07'),
(1, 56, 'HPV', '1', '2014-07-07', '2016-07-07', '2018-07-07'),
(1, 56, 'HepA', '1', '2006-07-07', '2006-07-07', '2007-07-07'),
(1, 56, 'HepB', '1', '2005-07-07', '2005-07-07', '2005-08-04'),
(1, 56, 'Hib', '1', '2005-08-18', '2005-09-07', '2005-10-07'),
(1, 56, 'Flu', '1', '2006-08-27', '2006-08-27', '2006-08-27'),
(1, 56, 'MMR', '2', '2006-08-27', '2009-07-07', '2012-07-07'),
(1, 56, 'Meni', '1', '2016-07-07', '2016-07-07', '2018-07-07'),
(1, 56, 'Pneu', '1', '2005-08-18', '2005-09-07', '2005-10-07'),
(1, 56, 'Polio', '1', '2005-08-18', '2005-09-07', '2005-10-07'),
(1, 56, 'Rota', '1', '2005-08-18', '2005-09-07', '2005-10-07'),
(1, 56, 'Var', '1', '2006-10-22', '2006-10-22', '2006-11-07'),
(1, 62, 'DTaP', '1', '2004-02-12', '2004-03-01', '2004-04-01'),
(1, 62, 'HPV', '1', '2013-01-01', '2015-01-01', '2017-01-01'),
(1, 62, 'HepA', '1', '2005-01-01', '2005-01-01', '2006-01-01'),
(1, 62, 'HepB', '1', '2004-03-06', '2004-03-06', '2004-03-06'),
(1, 62, 'Hib', '1', '2004-03-06', '2004-03-06', '2004-04-01'),
(1, 62, 'Flu', '1', '2004-07-01', '2004-07-01', '2005-02-01'),
(1, 62, 'MMR', '1', '2005-01-01', '2005-01-01', '2005-05-01'),
(1, 62, 'Meni', '1', '2015-01-01', '2015-01-01', '2017-01-01'),
(1, 62, 'Pneu', '1', '2004-02-12', '2004-03-01', '2004-04-01'),
(1, 62, 'Polio', '1', '2004-02-12', '2004-03-01', '2004-04-01'),
(1, 62, 'Rota', '1', '2004-02-12', '2004-03-01', '2004-04-01'),
(1, 62, 'Var', '1', '2005-01-01', '2005-01-01', '2005-05-01'),
(1, 64, 'DTaP', '1', '2004-03-17', '2004-04-04', '2004-05-04'),
(1, 64, 'HPV', '1', '2013-02-04', '2015-02-04', '2017-02-04'),
(1, 64, 'HepA', '1', '2005-02-04', '2005-02-04', '2006-02-04'),
(1, 64, 'HepB', '2', '2004-09-01', '2004-09-01', '2004-11-04'),
(1, 64, 'Hib', 'B', '2005-02-04', '2005-02-04', '2005-06-04'),
(1, 64, 'Flu', '1', '2004-08-04', '2004-08-04', '2005-03-04'),
(1, 64, 'MMR', '1', '2005-02-04', '2005-02-04', '2005-06-04'),
(1, 64, 'Meni', '1', '2015-02-04', '2015-02-04', '2017-02-04'),
(1, 64, 'Pneu', '1', '2004-03-17', '2004-04-04', '2004-05-04'),
(1, 64, 'Polio', '1', '2004-03-17', '2004-04-04', '2004-05-04'),
(1, 64, 'Rota', '1', '2004-03-17', '2004-04-04', '2004-05-04'),
(1, 64, 'Var', '1', '2005-02-04', '2005-02-04', '2005-06-04'),
(1, 67, 'DTaP', '1', '2004-06-26', '2004-07-15', '2004-08-15'),
(1, 67, 'HepA', '1', '2005-05-15', '2005-05-15', '2006-05-15'),
(1, 67, 'Flu', '1', '2004-11-15', '2004-11-15', '2005-06-15'),
(1, 67, 'MMR', '1', '2005-05-15', '2005-05-15', '2005-09-15'),
(1, 67, 'Meni', '1', '2015-05-15', '2015-05-15', '2017-05-15'),
(1, 67, 'Pneu', '1', '2004-06-26', '2004-07-15', '2004-08-15'),
(1, 67, 'Polio', '1', '2004-06-26', '2004-07-15', '2004-08-15'),
(1, 67, 'Rota', '1', '2004-06-26', '2004-07-15', '2004-08-15'),
(1, 67, 'Var', '1', '2005-05-15', '2005-05-15', '2005-09-15'),
(1, 70, 'DTaP', '1', '2004-06-26', '2004-07-15', '2004-08-15'),
(1, 70, 'HPV', '1', '2013-05-15', '2015-05-15', '2017-05-15'),
(1, 70, 'HepA', '1', '2005-05-15', '2005-05-15', '2006-05-15'),
(1, 70, 'Hib', 'B', '2005-07-05', '2005-07-05', '2005-09-15'),
(1, 70, 'Flu', '1', '2004-11-15', '2004-11-15', '2005-06-15'),
(1, 70, 'MMR', '1', '2005-05-15', '2005-05-15', '2005-09-15'),
(1, 70, 'Meni', '1', '2015-05-15', '2015-05-15', '2017-05-15'),
(1, 70, 'Pneu', '1', '2004-06-26', '2004-07-15', '2004-08-15'),
(1, 70, 'Polio', '1', '2004-06-26', '2004-07-15', '2004-08-15'),
(1, 70, 'Rota', '1', '2004-06-26', '2004-07-15', '2004-08-15'),
(1, 70, 'Var', '1', '2005-05-15', '2005-05-15', '2005-09-15'),
(1, 73, 'DTaP', '1', '2005-02-12', '2005-03-01', '2005-04-01'),
(1, 73, 'HepA', '1', '2006-01-01', '2006-01-01', '2007-01-01'),
(1, 73, 'HepB', '3', '2005-06-18', '2005-06-18', '2006-08-01'),
(1, 73, 'Hib', 'B', '2006-01-01', '2006-01-01', '2006-05-01'),
(1, 73, 'Flu', '1', '2005-07-01', '2005-07-01', '2006-02-01'),
(1, 73, 'MMR', '1', '2006-01-01', '2006-01-01', '2006-05-01'),
(1, 73, 'Meni', '1', '2016-01-01', '2016-01-01', '2018-01-01'),
(1, 73, 'Pneu', '1', '2005-02-12', '2005-03-01', '2005-04-01'),
(1, 73, 'Polio', '1', '2005-02-12', '2005-03-01', '2005-04-01'),
(1, 73, 'Rota', '1', '2005-02-12', '2005-03-01', '2005-04-01'),
(1, 73, 'Var', '1', '2006-01-01', '2006-01-01', '2006-05-01'),
(1, 76, 'DTaP', '1', '2004-11-21', '2004-12-10', '2005-01-10'),
(1, 76, 'HepA', '1', '2005-10-10', '2005-10-10', '2006-10-10'),
(1, 76, 'HepB', '2', '2005-01-29', '2005-01-29', '2005-04-01'),
(1, 76, 'Hib', '2', '2005-01-29', '2005-02-10', '2005-04-01'),
(1, 76, 'Flu', '1', '2005-04-10', '2005-04-10', '2005-11-10'),
(1, 76, 'MMR', '1', '2005-10-10', '2005-10-10', '2006-02-10'),
(1, 76, 'Meni', '1', '2015-10-10', '2015-10-10', '2017-10-10'),
(1, 76, 'Pneu', '1', '2004-11-21', '2004-12-10', '2005-01-10'),
(1, 76, 'Polio', '1', '2004-11-21', '2004-12-10', '2005-01-10'),
(1, 76, 'Rota', '1', '2004-11-21', '2004-12-10', '2005-01-10'),
(1, 76, 'Var', '1', '2005-10-10', '2005-10-10', '2006-02-10'),
(1, 78, 'DTaP', '1', '2005-07-13', '2005-08-01', '2005-09-01'),
(1, 78, 'HPV', '1', '2014-06-01', '2016-06-01', '2018-06-01'),
(1, 78, 'HepA', '1', '2006-06-01', '2006-06-01', '2007-06-01'),
(1, 78, 'HepB', '2', '2006-06-29', '2006-06-29', '2006-09-01'),
(1, 78, 'Hib', 'B', '2006-07-27', '2006-08-01', '2006-10-01'),
(1, 78, 'Flu', '1', '2005-12-01', '2005-12-01', '2006-07-01'),
(1, 78, 'MMR', '1', '2006-06-01', '2006-06-01', '2006-10-01'),
(1, 78, 'Meni', '1', '2016-06-01', '2016-06-01', '2018-06-01'),
(1, 78, 'Pneu', '1', '2005-07-13', '2005-08-01', '2005-09-01'),
(1, 78, 'Polio', '1', '2005-07-13', '2005-08-01', '2005-09-01'),
(1, 78, 'Rota', '1', '2005-07-13', '2005-08-01', '2005-09-01'),
(1, 78, 'Var', '1', '2006-06-01', '2006-06-01', '2006-10-01'),
(1, 79, 'DTaP', '1', '2005-02-22', '2005-03-11', '2005-04-11'),
(1, 79, 'HepA', '1', '2006-01-11', '2006-01-11', '2007-01-11'),
(1, 79, 'HepB', '3', '2006-05-06', '2006-05-06', '2006-08-11'),
(1, 79, 'Flu', '1', '2005-07-11', '2005-07-11', '2006-02-11'),
(1, 79, 'MMR', '1', '2006-01-11', '2006-01-11', '2006-05-11'),
(1, 79, 'Meni', '1', '2016-01-11', '2016-01-11', '2018-01-11'),
(1, 79, 'Pneu', '1', '2005-02-22', '2005-03-11', '2005-04-11'),
(1, 79, 'Polio', '1', '2005-02-22', '2005-03-11', '2005-04-11'),
(1, 79, 'Rota', '1', '2005-02-22', '2005-03-11', '2005-04-11'),
(1, 79, 'Var', '1', '2006-01-11', '2006-01-11', '2006-05-11'),
(1, 81, 'DTaP', '1', '2005-02-12', '2005-03-01', '2005-04-01'),
(1, 81, 'HPV', '1', '2014-01-01', '2016-01-01', '2018-01-01'),
(1, 81, 'HepA', '1', '2006-01-01', '2006-01-01', '2007-01-01'),
(1, 81, 'HepB', '3', '2006-05-03', '2006-05-03', '2006-08-01'),
(1, 81, 'Hib', 'B', '2006-04-08', '2006-04-08', '2006-05-01'),
(1, 81, 'Flu', '1', '2005-07-01', '2005-07-01', '2006-02-01'),
(1, 81, 'MMR', '1', '2006-01-01', '2006-01-01', '2006-05-01'),
(1, 81, 'Meni', '1', '2016-01-01', '2016-01-01', '2018-01-01'),
(1, 81, 'Pneu', '1', '2005-02-12', '2005-03-01', '2005-04-01'),
(1, 81, 'Polio', '1', '2005-02-12', '2005-03-01', '2005-04-01'),
(1, 81, 'Rota', '1', '2005-02-12', '2005-03-01', '2005-04-01'),
(1, 81, 'Var', '1', '2006-01-01', '2006-01-01', '2006-05-01'),
(1, 83, 'DTaP', '1', '2005-02-22', '2005-03-11', '2005-04-11'),
(1, 83, 'HPV', '1', '2014-01-11', '2016-01-11', '2018-01-11'),
(1, 83, 'HepA', '1', '2006-01-11', '2006-01-11', '2007-01-11'),
(1, 83, 'HepB', '2', '2006-05-09', '2006-05-09', '2006-07-11'),
(1, 83, 'Flu', '1', '2005-07-11', '2005-07-11', '2006-02-11'),
(1, 83, 'MMR', '1', '2006-01-11', '2006-01-11', '2006-05-11'),
(1, 83, 'Meni', '1', '2016-01-11', '2016-01-11', '2018-01-11'),
(1, 83, 'Pneu', '1', '2005-02-22', '2005-03-11', '2005-04-11'),
(1, 83, 'Polio', '1', '2005-02-22', '2005-03-11', '2005-04-11'),
(1, 83, 'Rota', '1', '2005-02-22', '2005-03-11', '2005-04-11'),
(1, 83, 'Var', '1', '2006-01-11', '2006-01-11', '2006-05-11'),
(1, 84, 'DTaP', '1', '2004-02-12', '2004-03-01', '2004-04-01'),
(1, 84, 'HepA', '1', '2005-01-01', '2005-01-01', '2006-01-01'),
(1, 84, 'HepB', '1', '2004-01-01', '2004-01-01', '2004-01-29'),
(1, 84, 'Hib', '1', '2004-03-06', '2004-03-06', '2004-04-01'),
(1, 84, 'Flu', '1', '2004-07-01', '2004-07-01', '2005-02-01'),
(1, 84, 'MMR', '1', '2005-01-01', '2005-01-01', '2005-05-01'),
(1, 84, 'Meni', '1', '2015-01-01', '2015-01-01', '2017-01-01'),
(1, 84, 'Pneu', '1', '2004-02-12', '2004-03-01', '2004-04-01'),
(1, 84, 'Polio', '1', '2004-02-12', '2004-03-01', '2004-04-01'),
(1, 84, 'Rota', '1', '2004-02-12', '2004-03-01', '2004-04-01'),
(1, 84, 'Var', '1', '2005-01-01', '2005-01-01', '2005-05-01'),
(1, 85, 'DTaP', '1', '2004-03-17', '2004-04-04', '2004-05-04'),
(1, 85, 'HepA', '1', '2005-02-04', '2005-02-04', '2006-02-04'),
(1, 85, 'HepB', '1', '2004-02-04', '2004-02-04', '2004-03-03'),
(1, 85, 'Hib', 'B', '2005-02-04', '2005-02-04', '2005-06-04'),
(1, 85, 'Flu', '1', '2004-08-04', '2004-08-04', '2005-03-04'),
(1, 85, 'MMR', '1', '2005-02-04', '2005-02-04', '2005-06-04'),
(1, 85, 'Meni', '1', '2015-02-04', '2015-02-04', '2017-02-04'),
(1, 85, 'Pneu', '1', '2004-03-17', '2004-04-04', '2004-05-04'),
(1, 85, 'Polio', '1', '2004-03-17', '2004-04-04', '2004-05-04'),
(1, 85, 'Rota', '1', '2004-03-17', '2004-04-04', '2004-05-04'),
(1, 85, 'Var', '1', '2005-02-04', '2005-02-04', '2005-06-04'),
(1, 87, 'DTaP', '1', '2004-06-26', '2004-07-15', '2004-08-15'),
(1, 87, 'HPV', '1', '2013-05-15', '2015-05-15', '2017-05-15'),
(1, 87, 'HepA', '1', '2005-05-15', '2005-05-15', '2006-05-15'),
(1, 87, 'HepB', '1', '2004-05-15', '2004-05-15', '2004-06-12'),
(1, 87, 'Flu', '1', '2004-11-15', '2004-11-15', '2005-06-15'),
(1, 87, 'MMR', '1', '2005-05-15', '2005-05-15', '2005-09-15'),
(1, 87, 'Meni', '1', '2015-05-15', '2015-05-15', '2017-05-15'),
(1, 87, 'Pneu', '1', '2004-06-26', '2004-07-15', '2004-08-15'),
(1, 87, 'Polio', '1', '2004-06-26', '2004-07-15', '2004-08-15'),
(1, 87, 'Rota', '1', '2004-06-26', '2004-07-15', '2004-08-15'),
(1, 87, 'Var', '1', '2005-05-15', '2005-05-15', '2005-09-15'),
(1, 90, 'DTaP', '1', '2004-06-26', '2004-07-15', '2004-08-15'),
(1, 90, 'HepA', '1', '2005-05-15', '2005-05-15', '2006-05-15'),
(1, 90, 'HepB', '1', '2004-05-15', '2004-05-15', '2004-06-12'),
(1, 90, 'Hib', 'B', '2005-07-05', '2005-07-05', '2005-09-15'),
(1, 90, 'Flu', '1', '2004-11-15', '2004-11-15', '2005-06-15'),
(1, 90, 'MMR', '1', '2005-05-15', '2005-05-15', '2005-09-15'),
(1, 90, 'Meni', '1', '2015-05-15', '2015-05-15', '2017-05-15'),
(1, 90, 'Pneu', '1', '2004-06-26', '2004-07-15', '2004-08-15'),
(1, 90, 'Polio', '1', '2004-06-26', '2004-07-15', '2004-08-15'),
(1, 90, 'Rota', '1', '2004-06-26', '2004-07-15', '2004-08-15'),
(1, 90, 'Var', '1', '2005-05-15', '2005-05-15', '2005-09-15'),
(1, 93, 'DTaP', '1', '2004-11-21', '2004-12-10', '2005-01-10'),
(1, 93, 'HepA', '1', '2005-10-10', '2005-10-10', '2006-10-10'),
(1, 93, 'HepB', '1', '2004-10-10', '2004-10-10', '2004-11-07'),
(1, 93, 'Hib', '2', '2005-01-30', '2005-02-10', '2005-04-02'),
(1, 93, 'Flu', '1', '2005-04-10', '2005-04-10', '2005-11-10'),
(1, 93, 'MMR', '1', '2005-10-10', '2005-10-10', '2006-02-10'),
(1, 93, 'Meni', '1', '2015-10-10', '2015-10-10', '2017-10-10'),
(1, 93, 'Pneu', '1', '2004-11-21', '2004-12-10', '2005-01-10'),
(1, 93, 'Polio', '1', '2004-11-21', '2004-12-10', '2005-01-10'),
(1, 93, 'Rota', '1', '2004-11-21', '2004-12-10', '2005-01-10'),
(1, 93, 'Var', '1', '2005-10-10', '2005-10-10', '2006-02-10'),
(1, 95, 'DTaP', '1', '2005-07-13', '2005-08-01', '2005-09-01'),
(1, 95, 'HPV', '1', '2014-06-01', '2016-06-01', '2018-06-01'),
(1, 95, 'HepA', '1', '2006-06-01', '2006-06-01', '2007-06-01'),
(1, 95, 'HepB', '1', '2005-06-01', '2005-06-01', '2005-06-29'),
(1, 95, 'Hib', '1', '2005-07-13', '2005-08-01', '2005-09-01'),
(1, 95, 'Flu', '1', '2005-12-01', '2005-12-01', '2006-07-01'),
(1, 95, 'MMR', '1', '2006-06-01', '2006-06-01', '2006-10-01'),
(1, 95, 'Meni', '1', '2016-06-01', '2016-06-01', '2018-06-01'),
(1, 95, 'Pneu', '1', '2005-07-13', '2005-08-01', '2005-09-01'),
(1, 95, 'Polio', '1', '2005-07-13', '2005-08-01', '2005-09-01'),
(1, 95, 'Rota', '1', '2005-07-13', '2005-08-01', '2005-09-01'),
(1, 95, 'Var', '1', '2006-06-01', '2006-06-01', '2006-10-01'),
(1, 96, 'DTaP', '1', '2005-02-21', '2005-03-10', '2005-04-10'),
(1, 96, 'HepA', '1', '2006-01-10', '2006-01-10', '2007-01-10'),
(1, 96, 'HepB', '1', '2005-01-10', '2005-01-10', '2005-02-07'),
(1, 96, 'Flu', '1', '2005-07-10', '2005-07-10', '2006-02-10'),
(1, 96, 'MMR', '1', '2006-01-10', '2006-01-10', '2006-05-10'),
(1, 96, 'Meni', '1', '2016-01-10', '2016-01-10', '2018-01-10'),
(1, 96, 'Pneu', '1', '2005-02-21', '2005-03-10', '2005-04-10'),
(1, 96, 'Polio', '1', '2005-02-21', '2005-03-10', '2005-04-10'),
(1, 96, 'Rota', '1', '2005-02-21', '2005-03-10', '2005-04-10'),
(1, 96, 'Var', '1', '2006-01-10', '2006-01-10', '2006-05-10'),
(1, 98, 'DTaP', '1', '2005-02-21', '2005-03-10', '2005-04-10'),
(1, 98, 'HPV', '1', '2014-01-10', '2016-01-10', '2018-01-10'),
(1, 98, 'HepA', '1', '2006-01-10', '2006-01-10', '2007-01-10'),
(1, 98, 'HepB', '1', '2005-01-10', '2005-01-10', '2005-02-07'),
(1, 98, 'Hib', 'B', '2006-04-08', '2006-04-08', '2006-05-10'),
(1, 98, 'Flu', '1', '2005-07-10', '2005-07-10', '2006-02-10'),
(1, 98, 'MMR', '1', '2006-01-10', '2006-01-10', '2006-05-10'),
(1, 98, 'Meni', '1', '2016-01-10', '2016-01-10', '2018-01-10'),
(1, 98, 'Pneu', '1', '2005-02-21', '2005-03-10', '2005-04-10'),
(1, 98, 'Polio', '1', '2005-02-21', '2005-03-10', '2005-04-10'),
(1, 98, 'Rota', '1', '2005-02-21', '2005-03-10', '2005-04-10'),
(1, 98, 'Var', '1', '2006-01-10', '2006-01-10', '2006-05-10'),
(1, 100, 'DTaP', '1', '2005-02-22', '2005-03-11', '2005-04-11'),
(1, 100, 'HPV', '1', '2014-01-11', '2016-01-11', '2018-01-11'),
(1, 100, 'HepA', '1', '2006-01-11', '2006-01-11', '2007-01-11'),
(1, 100, 'HepB', '1', '2005-01-11', '2005-01-11', '2005-02-08'),
(1, 100, 'Flu', '1', '2005-07-11', '2005-07-11', '2006-02-11'),
(1, 100, 'MMR', '1', '2006-01-11', '2006-01-11', '2006-05-11'),
(1, 100, 'Meni', '1', '2016-01-11', '2016-01-11', '2018-01-11'),
(1, 100, 'Pneu', '1', '2005-02-22', '2005-03-11', '2005-04-11'),
(1, 100, 'Polio', '1', '2005-02-22', '2005-03-11', '2005-04-11'),
(1, 100, 'Rota', '1', '2005-02-22', '2005-03-11', '2005-04-11'),
(1, 100, 'Var', '1', '2006-01-11', '2006-01-11', '2006-05-11'),
(1, 101, 'DTaP', '1', '2005-03-15', '2005-04-01', '2005-05-01'),
(1, 101, 'HPV', '1', '2014-02-01', '2016-02-01', '2018-02-01'),
(1, 101, 'HepA', '1', '2006-02-01', '2006-02-01', '2007-02-01'),
(1, 101, 'HepB', '1', '2005-02-01', '2005-02-01', '2005-03-01'),
(1, 101, 'Hib', 'B', '2006-06-23', '2006-06-23', '2006-06-23'),
(1, 101, 'Flu', '1', '2005-08-01', '2005-08-01', '2006-03-01'),
(1, 101, 'MMR', '1', '2006-02-01', '2006-02-01', '2006-06-01'),
(1, 101, 'Meni', '1', '2016-02-01', '2016-02-01', '2018-02-01'),
(1, 101, 'Pneu', '1', '2005-03-15', '2005-04-01', '2005-05-01'),
(1, 101, 'Polio', '1', '2005-03-15', '2005-04-01', '2005-05-01'),
(1, 101, 'Rota', '1', '2005-03-15', '2005-04-01', '2005-05-01'),
(1, 101, 'Var', '1', '2006-02-01', '2006-02-01', '2006-06-01'),
(1, 102, 'DTaP', '1', '2003-03-15', '2003-04-01', '2003-05-01'),
(1, 102, 'HPV', '1', '2012-02-01', '2014-02-01', '2016-02-01'),
(1, 102, 'HepA', '1', '2004-02-01', '2004-02-01', '2005-02-01'),
(1, 102, 'HepB', '1', '2003-02-01', '2003-02-01', '2003-03-01'),
(1, 102, 'Hib', 'B', '2004-03-28', '2004-04-01', '2004-06-01'),
(1, 102, 'Flu', '1', '2003-08-01', '2003-08-01', '2004-03-01'),
(1, 102, 'MMR', '1', '2004-02-01', '2004-02-01', '2004-06-01'),
(1, 102, 'Meni', '1', '2014-02-01', '2014-02-01', '2016-02-01'),
(1, 102, 'Pneu', '1', '2003-03-15', '2003-04-01', '2003-05-01'),
(1, 102, 'Polio', '1', '2003-03-15', '2003-04-01', '2003-05-01'),
(1, 102, 'Rota', '1', '2003-03-15', '2003-04-01', '2003-05-01'),
(1, 102, 'Var', '1', '2004-02-01', '2004-02-01', '2004-06-01'),
(1, 103, 'DTaP', '1', '2006-05-13', '2006-06-01', '2006-07-01'),
(1, 103, 'HPV', '1', '2015-04-01', '2017-04-01', '2019-04-01'),
(1, 103, 'HepA', '1', '2007-04-01', '2007-04-01', '2008-04-01'),
(1, 103, 'HepB', '1', '2006-04-01', '2006-04-01', '2006-04-29'),
(1, 103, 'Hib', '2', '2006-06-10', '2006-07-09', '2006-09-01'),
(1, 103, 'Flu', '1', '2006-10-01', '2006-10-01', '2007-05-01'),
(1, 103, 'MMR', '1', '2007-04-01', '2007-04-01', '2007-08-01'),
(1, 103, 'Meni', '1', '2017-04-01', '2017-04-01', '2019-04-01'),
(1, 103, 'Pneu', '1', '2006-05-13', '2006-06-01', '2006-07-01'),
(1, 103, 'Polio', '1', '2006-05-13', '2006-06-01', '2006-07-01'),
(1, 103, 'Rota', '1', '2006-05-13', '2006-06-01', '2006-07-01'),
(1, 103, 'Var', '1', '2007-04-01', '2007-04-01', '2007-08-01'),
(1, 104, 'DTaP', '1', '2006-03-15', '2006-04-01', '2006-05-01'),
(1, 104, 'HepA', '1', '2007-02-01', '2007-02-01', '2008-02-01'),
(1, 104, 'HepB', '1', '2006-02-01', '2006-02-01', '2006-03-01'),
(1, 104, 'Hib', '3', '2006-05-23', '2006-06-25', '2006-09-01'),
(1, 104, 'Flu', '1', '2006-08-01', '2006-08-01', '2007-03-01'),
(1, 104, 'MMR', '1', '2007-02-01', '2007-02-01', '2007-06-01'),
(1, 104, 'Meni', '1', '2017-02-01', '2017-02-01', '2019-02-01'),
(1, 104, 'Pneu', '1', '2006-03-15', '2006-04-01', '2006-05-01'),
(1, 104, 'Polio', '1', '2006-03-15', '2006-04-01', '2006-05-01'),
(1, 104, 'Rota', '1', '2006-03-15', '2006-04-01', '2006-05-01'),
(1, 104, 'Var', '1', '2007-02-01', '2007-02-01', '2007-06-01'),
(1, 109, 'DTaP', '1', '2005-09-12', '2005-10-01', '2005-11-01'),
(1, 109, 'HepA', '1', '2006-08-01', '2006-08-01', '2007-08-01'),
(1, 109, 'HepB', '1', '2005-08-01', '2005-08-01', '2005-08-29'),
(1, 109, 'Hib', 'B', '2006-09-22', '2006-09-22', '2006-12-01'),
(1, 109, 'Flu', '1', '2006-02-01', '2006-02-01', '2006-09-01'),
(1, 109, 'MMR', '1', '2006-08-01', '2006-08-01', '2006-12-01'),
(1, 109, 'Meni', '1', '2016-08-01', '2016-08-01', '2018-08-01'),
(1, 109, 'Pneu', '1', '2005-09-12', '2005-10-01', '2005-11-01'),
(1, 109, 'Polio', '1', '2005-09-12', '2005-10-01', '2005-11-01'),
(1, 109, 'Rota', '1', '2005-09-12', '2005-10-01', '2005-11-01'),
(1, 109, 'Var', '1', '2006-08-01', '2006-08-01', '2006-12-01'),
(1, 112, 'DTaP', '1', '2005-07-13', '2005-08-01', '2005-09-01'),
(1, 112, 'HPV', '1', '2014-06-01', '2016-06-01', '2018-06-01'),
(1, 112, 'HepA', '1', '2006-06-01', '2006-06-01', '2007-06-01'),
(1, 112, 'HepB', '1', '2005-06-01', '2005-06-01', '2005-06-29'),
(1, 112, 'Flu', '1', '2005-12-01', '2005-12-01', '2006-07-01'),
(1, 112, 'MMR', '1', '2006-06-01', '2006-06-01', '2006-10-01'),
(1, 112, 'Meni', '1', '2016-06-01', '2016-06-01', '2018-06-01'),
(1, 112, 'Pneu', '1', '2005-07-13', '2005-08-01', '2005-09-01'),
(1, 112, 'Polio', '1', '2005-07-13', '2005-08-01', '2005-09-01'),
(1, 112, 'Rota', '1', '2005-07-13', '2005-08-01', '2005-09-01'),
(1, 112, 'Var', '1', '2006-06-01', '2006-06-01', '2006-10-01'),
(1, 116, 'DTaP', '1', '2005-12-22', '2006-01-10', '2006-02-10'),
(1, 116, 'HPV', '1', '2014-11-10', '2016-11-10', '2018-11-10'),
(1, 116, 'HepA', '1', '2006-11-10', '2006-11-10', '2007-11-10'),
(1, 116, 'HepB', '1', '2005-11-10', '2005-11-10', '2005-12-08'),
(1, 116, 'Hib', '2', '2006-07-08', '2006-07-08', '2006-08-05'),
(1, 116, 'Flu', '1', '2006-05-10', '2006-05-10', '2006-12-10'),
(1, 116, 'MMR', '1', '2006-11-10', '2006-11-10', '2007-03-10'),
(1, 116, 'Meni', '1', '2016-11-10', '2016-11-10', '2018-11-10'),
(1, 116, 'Pneu', '1', '2005-12-22', '2006-01-10', '2006-02-10'),
(1, 116, 'Polio', '1', '2005-12-22', '2006-01-10', '2006-02-10'),
(1, 116, 'Rota', '1', '2005-12-22', '2006-01-10', '2006-02-10'),
(1, 116, 'Var', '1', '2006-11-10', '2006-11-10', '2007-03-10'),
(1, 117, 'DTaP', '1', '2005-10-22', '2005-11-10', '2005-12-10'),
(1, 117, 'HepA', '1', '2006-09-10', '2006-09-10', '2007-09-10'),
(1, 117, 'HepB', '1', '2005-09-10', '2005-09-10', '2005-10-08'),
(1, 117, 'Hib', 'B', '2006-09-10', '2006-09-10', '2007-01-10'),
(1, 117, 'Flu', '1', '2006-03-10', '2006-03-10', '2006-10-10'),
(1, 117, 'MMR', '1', '2006-09-10', '2006-09-10', '2007-01-10'),
(1, 117, 'Meni', '1', '2016-09-10', '2016-09-10', '2018-09-10'),
(1, 117, 'Pneu', '1', '2005-10-22', '2005-11-10', '2005-12-10'),
(1, 117, 'Polio', '1', '2005-10-22', '2005-11-10', '2005-12-10'),
(1, 117, 'Rota', '1', '2005-10-22', '2005-11-10', '2005-12-10'),
(1, 117, 'Var', '1', '2006-09-10', '2006-09-10', '2007-01-10'),
(1, 119, 'DTaP', '1', '2005-07-13', '2005-08-01', '2005-09-01'),
(1, 119, 'HPV', '1', '2014-06-01', '2016-06-01', '2018-06-01'),
(1, 119, 'HepA', '1', '2006-06-01', '2006-06-01', '2007-06-01'),
(1, 119, 'HepB', '1', '2005-06-01', '2005-06-01', '2005-06-29'),
(1, 119, 'Hib', '3', '2006-06-29', '2006-06-29', '2006-09-01'),
(1, 119, 'Flu', '1', '2005-12-01', '2005-12-01', '2006-07-01'),
(1, 119, 'MMR', '1', '2006-06-01', '2006-06-01', '2006-10-01'),
(1, 119, 'Meni', '1', '2016-06-01', '2016-06-01', '2018-06-01'),
(1, 119, 'Pneu', '1', '2005-07-13', '2005-08-01', '2005-09-01'),
(1, 119, 'Polio', '1', '2005-07-13', '2005-08-01', '2005-09-01'),
(1, 119, 'Rota', '1', '2005-07-13', '2005-08-01', '2005-09-01'),
(1, 119, 'Var', '1', '2006-06-01', '2006-06-01', '2006-10-01'),
(1, 121, 'DTaP', '1', '2005-07-13', '2005-08-01', '2005-09-01'),
(1, 121, 'HPV', '1', '2014-06-01', '2016-06-01', '2018-06-01'),
(1, 121, 'HepA', '1', '2006-06-01', '2006-06-01', '2007-06-01'),
(1, 121, 'HepB', '1', '2005-06-01', '2005-06-01', '2005-06-29'),
(1, 121, 'Hib', 'B', '2006-07-27', '2006-08-01', '2006-10-01'),
(1, 121, 'Flu', '1', '2005-12-01', '2005-12-01', '2006-07-01'),
(1, 121, 'MMR', '1', '2006-06-01', '2006-06-01', '2006-10-01'),
(1, 121, 'Meni', '1', '2016-06-01', '2016-06-01', '2018-06-01'),
(1, 121, 'Pneu', '1', '2005-07-13', '2005-08-01', '2005-09-01'),
(1, 121, 'Polio', '1', '2005-07-13', '2005-08-01', '2005-09-01'),
(1, 121, 'Rota', '1', '2005-07-13', '2005-08-01', '2005-09-01'),
(1, 121, 'Var', '1', '2006-06-01', '2006-06-01', '2006-10-01'),
(1, 122, 'DTaP', '1', '2005-07-13', '2005-08-01', '2005-09-01'),
(1, 122, 'HepA', '1', '2006-06-01', '2006-06-01', '2007-06-01'),
(1, 122, 'HepB', '1', '2005-06-01', '2005-06-01', '2005-06-29'),
(1, 122, 'Hib', 'B', '2006-07-27', '2006-08-01', '2006-10-01'),
(1, 122, 'Flu', '1', '2005-12-01', '2005-12-01', '2006-07-01'),
(1, 122, 'MMR', '1', '2006-06-01', '2006-06-01', '2006-10-01'),
(1, 122, 'Meni', '1', '2016-06-01', '2016-06-01', '2018-06-01'),
(1, 122, 'Pneu', '1', '2005-07-13', '2005-08-01', '2005-09-01'),
(1, 122, 'Polio', '1', '2005-07-13', '2005-08-01', '2005-09-01'),
(1, 122, 'Rota', '1', '2005-07-13', '2005-08-01', '2005-09-01'),
(1, 122, 'Var', '1', '2006-06-01', '2006-06-01', '2006-10-01'),
(1, 123, 'DTaP', '1', '2005-05-13', '2005-06-01', '2005-07-01'),
(1, 123, 'HPV', '1', '2014-04-01', '2016-04-01', '2018-04-01'),
(1, 123, 'HepA', '1', '2006-04-01', '2006-04-01', '2007-04-01'),
(1, 123, 'HepB', '1', '2005-04-01', '2005-04-01', '2005-04-29'),
(1, 123, 'Flu', '1', '2005-10-01', '2005-10-01', '2006-05-01'),
(1, 123, 'MMR', '1', '2006-04-01', '2006-04-01', '2006-08-01'),
(1, 123, 'Meni', '1', '2016-04-01', '2016-04-01', '2018-04-01'),
(1, 123, 'Pneu', '1', '2005-05-13', '2005-06-01', '2005-07-01'),
(1, 123, 'Polio', '1', '2005-05-13', '2005-06-01', '2005-07-01'),
(1, 123, 'Rota', '1', '2005-05-13', '2005-06-01', '2005-07-01'),
(1, 123, 'Var', '1', '2006-04-01', '2006-04-01', '2006-08-01'),
(1, 125, 'DTaP', '1', '2006-06-12', '2006-07-01', '2006-08-01'),
(1, 125, 'HepA', '1', '2007-05-01', '2007-05-01', '2008-05-01'),
(1, 125, 'HepB', '1', '2006-05-01', '2006-05-01', '2006-05-29'),
(1, 125, 'Hib', '1', '2006-07-05', '2006-07-05', '2006-08-01'),
(1, 125, 'Flu', '1', '2006-11-01', '2006-11-01', '2007-06-01'),
(1, 125, 'MMR', '1', '2007-05-01', '2007-05-01', '2007-09-01'),
(1, 125, 'Meni', '1', '2017-05-01', '2017-05-01', '2019-05-01'),
(1, 125, 'Pneu', '1', '2006-06-12', '2006-07-01', '2006-08-01'),
(1, 125, 'Polio', '1', '2006-06-12', '2006-07-01', '2006-08-01'),
(1, 125, 'Rota', '1', '2006-06-12', '2006-07-01', '2006-08-01'),
(1, 125, 'Var', '1', '2007-05-01', '2007-05-01', '2007-09-01'),
(1, 126, 'DTaP', '1', '2006-04-15', '2006-05-04', '2006-06-04'),
(1, 126, 'HepA', '1', '2007-03-04', '2007-03-04', '2008-03-04'),
(1, 126, 'HepB', '1', '2006-03-04', '2006-03-04', '2006-04-01'),
(1, 126, 'Hib', '2', '2006-06-24', '2006-07-04', '2006-08-27'),
(1, 126, 'Flu', '1', '2006-09-04', '2006-09-04', '2007-04-04'),
(1, 126, 'MMR', '1', '2007-03-04', '2007-03-04', '2007-07-04'),
(1, 126, 'Meni', '1', '2017-03-04', '2017-03-04', '2019-03-04'),
(1, 126, 'Pneu', '1', '2006-04-15', '2006-05-04', '2006-06-04'),
(1, 126, 'Polio', '1', '2006-04-15', '2006-05-04', '2006-06-04'),
(1, 126, 'Rota', '1', '2006-04-15', '2006-05-04', '2006-06-04'),
(1, 126, 'Var', '1', '2007-03-04', '2007-03-04', '2007-07-04'),
(1, 128, 'DTaP', '1', '2006-04-09', '2006-04-26', '2006-05-26'),
(1, 128, 'HPV', '1', '2015-02-26', '2017-02-26', '2019-02-26'),
(1, 128, 'HepA', '1', '2007-02-26', '2007-02-26', '2008-02-26'),
(1, 128, 'HepB', '1', '2006-02-26', '2006-02-26', '2006-03-26'),
(1, 128, 'Hib', '2', '2006-05-30', '2006-06-26', '2006-08-02'),
(1, 128, 'Flu', '1', '2006-08-26', '2006-08-26', '2007-03-26'),
(1, 128, 'MMR', '1', '2007-02-26', '2007-02-26', '2007-06-26'),
(1, 128, 'Meni', '1', '2017-02-26', '2017-02-26', '2019-02-26'),
(1, 128, 'Pneu', '1', '2006-04-09', '2006-04-26', '2006-05-26'),
(1, 128, 'Polio', '1', '2006-04-09', '2006-04-26', '2006-05-26'),
(1, 128, 'Rota', '1', '2006-04-09', '2006-04-26', '2006-05-26'),
(1, 128, 'Var', '1', '2007-02-26', '2007-02-26', '2007-06-26'),
(1, 130, 'DTaP', '1', '2006-02-17', '2006-03-06', '2006-04-06'),
(1, 130, 'HepA', '1', '2007-01-06', '2007-01-06', '2008-01-06'),
(1, 130, 'HepB', '1', '2006-01-06', '2006-01-06', '2006-02-03'),
(1, 130, 'Hib', '3', '2006-05-07', '2006-06-09', '2006-08-06'),
(1, 130, 'Flu', '1', '2006-07-06', '2006-07-06', '2007-02-06'),
(1, 130, 'MMR', '1', '2007-01-06', '2007-01-06', '2007-05-06'),
(1, 130, 'Meni', '1', '2017-01-06', '2017-01-06', '2019-01-06'),
(1, 130, 'Pneu', '1', '2006-02-17', '2006-03-06', '2006-04-06'),
(1, 130, 'Polio', '1', '2006-02-17', '2006-03-06', '2006-04-06'),
(1, 130, 'Rota', '1', '2006-02-17', '2006-03-06', '2006-04-06'),
(1, 130, 'Var', '1', '2007-01-06', '2007-01-06', '2007-05-06'),
(1, 133, 'DTaP', '1', '2006-02-17', '2006-03-06', '2006-04-06'),
(1, 133, 'HepA', '1', '2007-01-06', '2007-01-06', '2008-01-06'),
(1, 133, 'HepB', '1', '2006-01-06', '2006-01-06', '2006-02-03'),
(1, 133, 'Hib', '3', '2006-05-10', '2006-06-12', '2006-08-06'),
(1, 133, 'Flu', '1', '2006-07-06', '2006-07-06', '2007-02-06'),
(1, 133, 'MMR', '1', '2007-01-06', '2007-01-06', '2007-05-06'),
(1, 133, 'Meni', '1', '2017-01-06', '2017-01-06', '2019-01-06'),
(1, 133, 'Pneu', '1', '2006-02-17', '2006-03-06', '2006-04-06'),
(1, 133, 'Polio', '1', '2006-02-17', '2006-03-06', '2006-04-06'),
(1, 133, 'Rota', '1', '2006-02-17', '2006-03-06', '2006-04-06'),
(1, 133, 'Var', '1', '2007-01-06', '2007-01-06', '2007-05-06'),
(1, 136, 'DTaP', '1', '2005-05-16', '2005-06-04', '2005-07-04'),
(1, 136, 'HPV', '1', '2014-04-04', '2016-04-04', '2018-04-04'),
(1, 136, 'HepA', '1', '2006-04-04', '2006-04-04', '2007-04-04'),
(1, 136, 'HepB', '1', '2005-04-04', '2005-04-04', '2005-05-02'),
(1, 136, 'Hib', 'B', '2006-05-25', '2006-05-25', '2006-08-04'),
(1, 136, 'Flu', '1', '2005-10-04', '2005-10-04', '2006-05-04'),
(1, 136, 'MMR', '1', '2006-04-04', '2006-04-04', '2006-08-04'),
(1, 136, 'Meni', '1', '2016-04-04', '2016-04-04', '2018-04-04'),
(1, 136, 'Pneu', '1', '2005-05-16', '2005-06-04', '2005-07-04'),
(1, 136, 'Polio', '1', '2005-05-16', '2005-06-04', '2005-07-04'),
(1, 136, 'Rota', '1', '2005-05-16', '2005-06-04', '2005-07-04'),
(1, 136, 'Var', '1', '2006-04-04', '2006-04-04', '2006-08-04'),
(1, 140, 'DTaP', '1', '2005-03-15', '2005-04-01', '2005-05-01'),
(1, 140, 'HepA', '1', '2006-02-01', '2006-02-01', '2007-02-01'),
(1, 140, 'HepB', '1', '2005-02-01', '2005-02-01', '2005-03-01'),
(1, 140, 'Hib', 'B', '2006-05-27', '2006-05-27', '2006-06-01'),
(1, 140, 'Flu', '1', '2005-08-01', '2005-08-01', '2006-03-01'),
(1, 140, 'MMR', '1', '2006-02-01', '2006-02-01', '2006-06-01'),
(1, 140, 'Meni', '1', '2016-02-01', '2016-02-01', '2018-02-01'),
(1, 140, 'Pneu', '1', '2005-03-15', '2005-04-01', '2005-05-01'),
(1, 140, 'Polio', '1', '2005-03-15', '2005-04-01', '2005-05-01'),
(1, 140, 'Rota', '1', '2005-03-15', '2005-04-01', '2005-05-01'),
(1, 140, 'Var', '1', '2006-02-01', '2006-02-01', '2006-06-01'),
(1, 142, 'DTaP', '1', '2005-05-19', '2005-06-07', '2005-07-07'),
(1, 142, 'HepA', '1', '2006-04-07', '2006-04-07', '2007-04-07'),
(1, 142, 'HepB', '1', '2005-04-07', '2005-04-07', '2005-05-05'),
(1, 142, 'Hib', 'B', '2006-06-12', '2006-06-12', '2006-08-07'),
(1, 142, 'Flu', '1', '2005-10-07', '2005-10-07', '2006-05-07'),
(1, 142, 'MMR', '1', '2006-04-07', '2006-04-07', '2006-08-07'),
(1, 142, 'Meni', '1', '2016-04-07', '2016-04-07', '2018-04-07'),
(1, 142, 'Pneu', '1', '2005-05-19', '2005-06-07', '2005-07-07'),
(1, 142, 'Polio', '1', '2005-05-19', '2005-06-07', '2005-07-07'),
(1, 142, 'Rota', '1', '2005-05-19', '2005-06-07', '2005-07-07'),
(1, 142, 'Var', '1', '2006-04-07', '2006-04-07', '2006-08-07'),
(1, 146, 'DTaP', '1', '2005-02-23', '2005-03-12', '2005-04-12'),
(1, 146, 'HPV', '1', '2014-01-12', '2016-01-12', '2018-01-12'),
(1, 146, 'HepA', '1', '2006-01-12', '2006-01-12', '2007-01-12'),
(1, 146, 'HepB', '2', '2006-02-12', '2006-02-12', '2006-04-15'),
(1, 146, 'Hib', '3', '2005-06-09', '2005-07-12', '2005-08-12'),
(1, 146, 'Flu', '1', '2005-07-12', '2005-07-12', '2006-02-12'),
(1, 146, 'MMR', '1', '2006-01-12', '2006-01-12', '2006-05-12'),
(1, 146, 'Meni', '1', '2016-01-12', '2016-01-12', '2018-01-12'),
(1, 146, 'Pneu', '1', '2005-02-23', '2005-03-12', '2005-04-12'),
(1, 146, 'Polio', '1', '2005-02-23', '2005-03-12', '2005-04-12'),
(1, 146, 'Rota', '1', '2005-02-23', '2005-03-12', '2005-04-12'),
(1, 146, 'Var', '1', '2006-01-12', '2006-01-12', '2006-05-12'),
(1, 149, 'DTaP', '1', '2007-06-28', '2007-07-17', '2007-08-17'),
(1, 149, 'HepA', '1', '2008-05-17', '2008-05-17', '2009-05-17'),
(1, 149, 'HepB', '1', '2007-05-17', '2007-05-17', '2007-06-14'),
(1, 149, 'Hib', '3', '2008-01-16', '2008-01-16', '2008-03-19'),
(1, 149, 'Flu', '1', '2007-11-17', '2007-11-17', '2008-06-17'),
(1, 149, 'MMR', '1', '2008-05-17', '2008-05-17', '2008-09-17'),
(1, 149, 'Meni', '1', '2018-05-17', '2018-05-17', '2020-05-17'),
(1, 149, 'Pneu', '1', '2007-06-28', '2007-07-17', '2007-08-17'),
(1, 149, 'Polio', '1', '2007-06-28', '2007-07-17', '2007-08-17'),
(1, 149, 'Rota', '1', '2007-06-28', '2007-07-17', '2007-08-17'),
(1, 149, 'Var', '1', '2008-05-17', '2008-05-17', '2008-09-17'),
(1, 151, 'DTaP', '1', '2006-06-08', '2006-06-27', '2006-07-27'),
(1, 151, 'HPV', '1', '2015-04-27', '2017-04-27', '2019-04-27'),
(1, 151, 'HepA', '1', '2007-04-27', '2007-04-27', '2008-04-27'),
(1, 151, 'HepB', '1', '2006-04-27', '2006-04-27', '2006-05-25'),
(1, 151, 'Hib', '3', '2006-08-30', '2006-10-02', '2006-11-27'),
(1, 151, 'Flu', '1', '2006-10-27', '2006-10-27', '2007-05-27'),
(1, 151, 'MMR', '1', '2007-04-27', '2007-04-27', '2007-08-27'),
(1, 151, 'Meni', '1', '2017-04-27', '2017-04-27', '2019-04-27'),
(1, 151, 'Pneu', '1', '2006-06-08', '2006-06-27', '2006-07-27'),
(1, 151, 'Polio', '1', '2006-06-08', '2006-06-27', '2006-07-27'),
(1, 151, 'Rota', '1', '2006-06-08', '2006-06-27', '2006-07-27'),
(1, 151, 'Var', '1', '2007-04-27', '2007-04-27', '2007-08-27'),
(1, 153, 'DTaP', 'B', '2011-06-11', '2011-06-11', '2013-02-11'),
(1, 153, 'HepA', '1', '2001-02-11', '2001-02-11', '2002-02-11'),
(1, 153, 'Hib', '3', '2000-07-09', '2000-08-11', '2000-09-11'),
(1, 153, 'Flu', '2', '2007-05-09', '2007-05-09', '2007-06-06'),
(1, 153, 'Meni', '1', '2011-02-11', '2011-02-11', '2013-02-11'),
(1, 153, 'Rota', '1', '2000-03-24', '2000-04-11', '2000-05-11'),
(1, 153, 'Var', '2', '2007-07-04', '2007-07-04', '2007-07-04');

UPDATE expected_result set valid_date = '0000-00-00' where valid_date = '1899-12-30';

UPDATE expected_result set due_date = '0000-00-00' where due_date = '1899-12-30';

UPDATE expected_result set overdue_date = '0000-00-00' where overdue_date = '1899-12-30';

UPDATE actual_result set valid_date = '0000-00-00' where valid_date = '1899-12-30';

UPDATE actual_result set due_date = '0000-00-00' where due_date = '1899-12-30';

UPDATE actual_result set overdue_date = '0000-00-00' where overdue_date = '1899-12-30';


UPDATE expected_result set valid_date = null where valid_date = '0000-00-00';

UPDATE expected_result set due_date = null where due_date = '0000-00-00';

UPDATE expected_result set overdue_date = null where overdue_date = '0000-00-00';

UPDATE actual_result set valid_date = null where valid_date = '0000-00-00';

UPDATE actual_result set due_date = null where due_date = '0000-00-00';

UPDATE actual_result set overdue_date = null where overdue_date = '0000-00-00';

